"","X","DNP","Plot","Treatment","Trt","Rep","ToLine","ToSoil","Depth","CoreHt","Enotes","Flag","BagSampWt","RockWt","TinWt","WetSampTinWt","TotWetSampWt","Snotes","DryTinWt","TNotes","CNWeight","C","N","S","CN","WoodWt","WoodVol","WoodVolEst","CoreVol","RockVol","EffVol","moisture","BagWtChk","TotDrySamplWt","Bulk.Density","OM","Mineral"
"1",1,1,15,"No OA","NOA","B",NA,NA,10,5.1,"","",114.41,26.61,1.62,12.46,105.48,"",12.15,"",96.156,1.74,0.11,0.036,15.8,0,0,0,116.74206,14.0052631578947,102.736796842105,0.0294396961063626,8.92999999999999,75.8535055350554,0.738328504164224,3.01716,96.98284
"2",2,2,15,"No OA","NOA","B",NA,NA,7.5,2.3,"","",50.53,8.56,1.22,12.71,41.69,"",12.43,"",91.96,1.83,0.11,0.065,16.6,0,0,0,52.64838,4.50526315789474,48.1431168421053,0.024977698483497,8.84,32.1140557006092,0.667053938487895,3.17322,96.82678
"3",3,3,15,"No OA","NOA","B",NA,NA,5,2.4,"","",57.41,11.42,1.13,10.69,48.53,"",10.43,"",84.439,1.77,0.11,0.042,16.1,0,0,0,54.93744,6.01052631578947,48.9269136842105,0.0279569892473116,8.88,35.7901464435147,0.731502229519633,3.06918,96.93082
"4",4,4,15,"No OA","NOA","B",NA,NA,0,5.001,"","",99.8,14.86,1.15,12.07,91.15,"",11.27,"",89.981,2.14,0.12,0.078,17.8,0,0,0,114.4758906,7.82105263157895,106.654837968421,0.0790513833992096,8.64999999999999,69.6123443223443,0.652688107247001,3.71076,96.28924
"5",5,5,19,"No Input","NI","A",7.7,7.4,10,5.15,"","",122.83,1.71,1.62,14.38,114.15,"",14.15,"",94.412,1.84,0.14,0.038,13.1,0,0,0,117.88659,0.9,116.98659,0.0183559457302474,8.67999999999999,110.382437304075,0.943547780169293,3.19056,96.80944
"6",6,6,19,"No Input","NI","A",7.7,7.4,7.5,2.45,"","",58.95,0.829,1.63,11.95,50.18,"",11.61,"",92.174,2.268,NA,0.562,NA,0,0,0,56.08197,0.436315789473684,55.6456542105263,0.0340681362725451,8.77,47.6977829457364,0.857169955541894,3.932712,96.067288
"7",7,7,19,"No Input","NI","A",7.7,7.4,5,2.4,"","",48.03,1.19,1.57,10.32,38.66,"",10.04,"",97.782,2.88,0.21,2.206,13.7,0,0,0,54.93744,0.626315789473684,54.3111242105263,0.0330578512396696,9.37,36.23288,0.667135518306533,4.99392,95.00608
"8",8,8,19,"No Input","NI","A",7.7,7.4,2.5,2.4,"","",50.43,0.97,1.15,11.58,41.59,"",11.22,"",101.045,3.69,0.19,0.04,19.4,0,0,0,54.93744,0.510526315789474,54.4269136842105,0.0357497517378351,8.84,39.1844870565676,0.719946886643605,6.39846,93.60154
"9",9,9,19,"No Input","NI","A",7.7,7.4,0,2.6,"","",75.99,4.62,1.17,11.99,67.28,"",11.56,"",97.89,6.61,0.25,0.058,26.4,0,0,0,59.51556,2.43157894736842,57.0839810526316,0.041385948026949,8.70999999999999,59.9862107208873,1.05084140269719,11.46174,88.53826
"10",10,10,16,"Double Wood","DW","A",6.8,7.1,10,5,"","",104,10.5,1,10.48,95.28,"",10.03,"",90.533,2.28,0.15,0.043,15.2,0,0,0,114.453,5.52631578947368,108.926684210526,0.0498338870431895,8.72,80.2572151898734,0.736800314556143,3.95352,96.04648
"11",11,11,16,"Double Wood","DW","A",6.8,7.1,7.5,2.43,"","",47.01,7.83,1.15,10.92,38.33,"",10.57,"",93.389,3.21,0.18,2.818,17.8,0,0,0,55.624158,4.12105263157895,51.5031053684211,0.0371549893842887,8.68,29.1268679631525,0.565536150777649,5.56614,94.43386
"12",12,12,16,"Double Wood","DW","A",6.8,7.1,5,2.5,"","",49.37,3.17,1.13,9.11,40.7,"",8.84,"",84.646,3.99,0.2,0.067,20,0.63,1.6,2,57.2265,1.66842105263158,53.9580789473684,0.0350194552529182,8.66999999999999,35.5229323308271,0.658343162392358,6.91866,93.08134
"13",13,13,16,"Double Wood","DW","A",6.8,7.1,2.5,2.5,"","",43.85,5.98,1.13,11.9,35,"",11.48,"",83.851,5.08,0.23,0.072,22.1,0,0,0,57.2265,3.14736842105263,54.0791315789474,0.0405797101449274,8.85,27.6550974930362,0.511382055990746,8.80872,91.19128
"14",14,14,16,"Double Wood","DW","A",6.8,7.1,0,2.5,"","",56.48,15.77,1.15,9.65,47.67,"",9.29,"",83.288,10.16,0.37,0.078,27.5,0,0,0,57.2265,8.3,48.9265,0.0442260442260444,8.81,29.8810352941176,0.610733146538535,17.61744,82.38256
"15",15,15,2,"Double Litter","DL","B",6.7,6.8,10,4.92,"","",114.64,0,1,13.27,106.16,"",12.49,"",82.045,2.84,0.18,0.045,15.8,0,0,0,112.621752,0,112.621752,0.0678851174934725,8.48,99.4114425427873,0.882701971665183,4.92456,95.07544
"16",16,16,2,"Double Litter","DL","B",6.7,6.8,7.5,2.5,"","",54.2,2.68,1.12,11.98,45.65,"",11.69,"",92.471,2.9,0.18,0.041,16.1,0,0,0,57.2265,1.41052631578947,55.8159736842105,0.0274361400189214,8.55,41.750985267035,0.748011411630103,5.0286,94.9714
"17",17,17,2,"Double Litter","DL","B",6.7,6.8,5,2.57,"","",53.65,2.71,1.15,10.82,44.85,"",10.54,"",93.852,3.47,0.19,0.042,18.3,0,0,0,58.828842,1.42631578947368,57.4025262105263,0.0298189563365283,8.8,40.8413443640124,0.711490365671799,6.01698,93.98302
"18",18,18,2,"Double Litter","DL","B",6.7,6.8,2.5,2.51,"","",43.09,0,1.62,10.48,33.03,"",10.19,"",97.687,4.15,0.25,0.086,16.6,0.53,1.5,4,57.455406,0,55.955406,0.0338389731621936,10.06,31.4188826185102,0.561498608704763,7.1961,92.8039
"19",19,19,2,"Double Litter","DL","B",6.7,6.8,0,2.4,"","",64.72,1.7,1.6,10.72,55.81,"",9.84,"",87.03,8.01,0.33,0.982,24.3,0,0,0,54.93744,0.894736842105263,54.0427031578947,0.106796116504854,8.91,48.7248245614035,0.90159858249588,13.88934,86.11066
"20",20,20,15,"No OA","NOA","A",6.7,8.4,10,5.1,"Big chunk of wood in core","X",124.22,31.89,1.16,10.02,115.39,"",9.48,"",87.615,1.42,0.09,0.047,15.8,12.95,14,22,116.74206,16.7842105263158,85.9578494736842,0.064903846153846,8.83,63.5172009029345,0.738934271760489,2.46228,97.53772
"21",21,21,15,"No OA","NOA","A",6.7,8.4,7.5,2.25,"","",46,7.2,1.14,12.45,37.48,"",12.15,"",86.932,1.78,0.1,0.039,17.8,0,0,0,51.50385,3.78947368421053,47.7143763157895,0.0272479564032697,8.52,29.2858355437666,0.613773830971681,3.08652,96.91348
"22",22,22,15,"No OA","NOA","A",6.7,8.4,5,2.75,"Spilled, weight NOT accurate","X",58.47,10.26,1.62,10.89,49.67,"",10.46,"",97.727,1.84,0.1,0.039,18.4,0,0,0,62.94915,5.4,57.54915,0.0486425339366515,8.8,37.1059978425027,0.644770562944938,3.19056,96.80944
"23",23,23,15,"No OA","NOA","A",6.7,8.4,0,5.001,"","",94.8,11.63,1.45,13.45,85.95,"",12.33,"",97.682,2.39,0.12,0.05,19.9,0,0,0,114.4758906,6.12105263157895,108.354837968421,0.102941176470588,8.84999999999999,66.298,0.611860081589729,4.14426,95.85574
"24",24,24,2,"Double Litter","DL","C",6.9,6.9,10,4.97,"","",117.49,1.76,1.4,13.03,108.33,"",10.76,"",86.992,2.66,0.16,1.744,16.6,0.36,1,3,113.766282,0.926315789473684,111.839966210526,0.242521367521367,9.16,85.0656233877902,0.760601297282794,4.61244,95.38756
"25",25,25,2,"Double Litter","DL","C",6.9,6.9,7.5,2.24,"","",48.04,0,0.96,10.6,39.37,"",9.88,"",97.504,3.91,0.19,0.059,20.6,0.8,2,5.5,51.274944,0,49.274944,0.0807174887892375,8.67,35.6295020746888,0.723075445295053,6.77994,93.22006
"26",26,26,2,"Double Litter","DL","C",6.9,6.9,5,2.7,"","",54.87,0,0.98,11.47,46.21,"",10.64,"",81.974,3.65,0.19,0.062,19.2,0.34,1.5,2.5,61.80462,0,60.30462,0.0859213250517598,8.66,42.2137273593899,0.700008181120947,6.3291,93.6709
"27",27,27,2,"Double Litter","DL","C",6.9,6.9,2.5,2.25,"","",47.61,0,1.45,10,38.95,"",9.59,"",96.322,4.22,0.19,0.061,22.2,0,0,0,51.50385,0,51.50385,0.0503685503685504,8.66,37.0822222222222,0.71998932550134,7.31748,92.68252
"28",28,28,2,"Double Litter","DL","C",6.9,6.9,0,2.7,"","",89.32,2.19,1.12,10.52,80.57,"",9.46,"",89.153,4.95,0.22,0.049,22.5,0,0,0,61.80462,1.15263157894737,60.6519884210526,0.127098321342926,8.75,69.2944468085106,1.14249258124006,8.5833,91.4167
"29",29,29,19,"No Input","NI","C",6.6,6.15,10,4.85,"Spilled, weight NOT accurate, surface of core was decaying burnt log","X",117.85,2.63,1.61,10.196,109.12,"",9.45,"",91.433,2.64,0.17,0.04,15.5,0,0,0,111.01941,1.38421052631579,109.635199473684,0.09515306122449,8.72999999999999,97.0090402981598,0.884834804550567,4.57776,95.42224
"30",30,30,19,"No Input","NI","C",6.6,6.15,7.5,2.52,"Surface of core was decaying burnt log","X",58.38,0,1,12.18,49.45,"",11.45,"",85.665,3.38,0.18,0.043,18.8,0,0,0,57.684312,0,57.684312,0.0698564593301436,8.93,46.2211538461538,0.801277717348069,5.86092,94.13908
"31",31,31,19,"No Input","NI","C",6.6,6.15,5,2.4,"Surface of core was decaying burnt log","X",51.68,0,1.39,11.35,42.84,"",10.76,"",92.694,4.25,0.19,0.038,22.4,0,0,0,54.93744,0,54.93744,0.0629669156883671,8.84,40.3022891566265,0.733603334203896,7.3695,92.6305
"32",32,32,19,"No Input","NI","C",6.6,6.15,2.5,2.75,"Surface of core was decaying burnt log","X",47.03,0,1.14,9.71,38.28,"",9.28,"",92.57,6.77,0.25,0.059,27.1,0,0,0,62.94915,0,62.94915,0.052825552825553,8.75,36.3592998833139,0.577597948237806,11.73918,88.26082
"33",33,33,19,"No Input","NI","C",6.6,6.15,0,2.6,"Surface of core was decaying burnt log","X",45.49,0,0.96,9.6,36.62,"",7.08,"",89.841,31.78,0.57,0.078,55.8,0,0,0,59.51556,0,59.51556,0.411764705882353,8.87,25.9391666666667,0.435838403716048,55.10652,44.89348
"34",34,34,15,"No OA","NOA","C",6.7,7.1,10,5.1,"Wonky extraction","X",115.8,8.12,1,12.11,107.07,"",10.95,"",94.698,1.18,0.08,0.042,14.8,0.22,0.9,1.5,116.74206,4.27368421052632,111.568375789474,0.116582914572864,8.73,87.5507740774077,0.78472751313162,2.04612,97.95388
"35",35,35,15,"No OA","NOA","C",6.7,7.1,7.5,2.4,"Wonky extraction","X",60.27,14.41,1.13,10.62,51.55,"",10.16,"",94.152,1.24,0.08,0.043,15.5,0.43,1,2,54.93744,7.58421052631579,46.3532294736842,0.0509413067552599,8.72000000000001,34.2112644889357,0.738055684089028,2.15016,97.84984
"36",36,36,15,"No OA","NOA","C",6.7,7.1,5,2.45,"Wonky extraction","X",47.92,8.08,1.62,12.46,38.96,"",11.97,"",91.889,1.32,0.09,0.042,14.7,0.5,2,2.5,56.08197,4.25263157894737,49.8293384210526,0.047342995169082,8.96,28.6188929889299,0.574338209090863,2.28888,97.71112
"37",37,37,15,"No OA","NOA","C",6.7,7.1,2.5,2.45,"Wonky extraction","X",46.15,3.62,1.62,13.33,36.84,"",13.06,"",98.971,1.32,0.09,0.048,14.7,0,0,0,56.08197,1.90526315789474,54.1767068421053,0.0236013986013986,9.31,32.3705721605466,0.597499812140458,2.28888,97.71112
"38",38,38,15,"No OA","NOA","C",6.7,7.1,0,2.7,"Wonky extraction","X",78.12,7.29,1.63,13.67,68.93,"",13.35,"",92.045,1.89,0.12,0.04,15.8,0,0,0,61.80462,3.83684210526316,57.9677778947369,0.0273037542662116,9.19,59.8079734219269,1.03174514521726,3.27726,96.72274
"39",39,39,3,"No Litter","NL","B",7.5,8.4,10,5,"","",111.44,12.62,1.61,12.08,102.57,"",11.28,"",103.661,2.23,0.13,0.2,17.2,0.4,1.2,2,114.453,6.64210526315789,106.610894736842,0.0827300930713548,8.87,81.7127507163324,0.766457789497328,3.86682,96.13318
"40",40,40,3,"No Litter","NL","B",7.5,8.4,7.5,2.48,"","",53.75,8.03,1.62,10.91,45.05,"",10.64,"",90.876,2.622,0.164,0.642,16,0,0,0,56.768688,4.22631578947368,52.5423722105263,0.0299334811529933,8.7,35.7106889128095,0.679655055727674,4.546548,95.453452
"41",41,41,3,"No Litter","NL","B",7.5,8.4,5,2.4,"","",50.78,2.56,1.62,10.44,41.99,"",10.07,"",97.527,3.09,0.16,0.04,19.3,0,0,0,54.93744,1.34736842105263,53.5900715789474,0.0437869822485208,8.79,37.668514739229,0.702900996945616,5.35806,94.64194
"42",42,42,3,"No Litter","NL","B",7.5,8.4,2.5,2.3,"","",46.72,4.76,1.64,10.31,38.04,"",9.93,"",91.715,3.99,0.18,0.043,22.2,0,0,0,52.64838,2.50526315789474,50.1431168421053,0.0458383594692401,8.68,31.6127335640138,0.630450110701307,6.91866,93.08134
"43",43,43,3,"No Litter","NL","B",7.5,8.4,0,2.9,"Mossy top","",57.28,14.1,1.58,8.85,47.91,"",8.63,"",83.225,14.59,0.47,0.078,31,0,0,0,66.38274,7.42105263157895,58.9616873684211,0.0312056737588651,9.37,32.3601788170564,0.548834001558578,25.29906,74.70094
"44",44,44,19,"No Input","NI","B",6.9,7.3,10,5.07,"","",116.56,4.08,1.63,12.76,107.76,"",11.65,"",91.316,2.71,0.17,0.04,15.9,0.25,0.5,2,116.055342,2.14736842105263,113.407973578947,0.110778443113772,8.8,92.6830458221024,0.81725334557347,4.69914,95.30086
"45",45,45,19,"No Input","NI","B",6.9,7.3,7.5,2.35,"","",56.95,0,1.63,11.42,48.28,"",10.97,"",99.565,3.19,0.17,0.038,18.8,0,0,0,53.79291,0,53.79291,0.0481798715203425,8.67,46.0607967313585,0.856261480023269,5.53146,94.46854
"46",46,46,19,"No Input","NI","B",6.9,7.3,5,2.52,"","",37.24,0.6,1.62,9.95,28.68,"",9.71,"",84.61,6.89,0.3,0.093,23,1.39,3.1,5,57.684312,0.315789473684211,54.2685225263158,0.0296662546353521,8.56,25.8636854741897,0.476587241925518,11.94726,88.05274
"47",47,47,19,"No Input","NI","B",6.9,7.3,2.5,2.35,"","",48.42,1.81,1.63,11.53,39.61,"",11.2,"",90.129,5.56,0.27,0.048,20.6,0,0,0,53.79291,0.952631578947368,52.8402784210526,0.0344827586206895,8.81,36.4796666666667,0.690376125121483,9.64104,90.35896
"48",48,48,19,"No Input","NI","B",6.9,7.3,0,2.7,"","",72.43,3.06,1.63,10.93,63.63,"",10.33,"",90.635,6.41,0.25,0.124,25.6,0,0,0,61.80462,1.61052631578947,60.1940936842105,0.0689655172413795,8.8,56.4648387096774,0.938046164560638,11.11494,88.88506
"49",49,49,2,"Double Litter","DL","A",6.8,7.2,10,5.1,"","",125.44,26.25,1.63,11.98,116.64,"",10.84,"",88.885,3.43,0.17,0.062,20.2,0,0,0,116.74206,13.8157894736842,102.926270526316,0.123778501628665,8.8,77.5426956521739,0.753380990641724,5.94762,94.05238
"50",50,50,2,"Double Litter","DL","A",6.8,7.2,7.5,2.2,"","",50.81,6.97,0.96,10.71,42.23,"LOTS OF CHARCOAL IN <2MM",10.45,"",81.823,5,0.2,0.05,25,0,0,0,50.35932,3.66842105263158,46.6908989473684,0.0273972602739728,8.58000000000001,34.1338666666667,0.731060387274692,8.67,91.33
"51",51,51,2,"Double Litter","DL","A",6.8,7.2,5,2.7,"","",54.68,6.35,1.56,10.32,45.91,"",9.97,"",81.125,7.48,0.27,0.099,27.7,0,0,0,61.80462,3.34210526315789,58.4625147368421,0.0416171224732461,8.77,37.725696347032,0.64529718772528,12.97032,87.02968
"52",52,52,2,"Double Litter","DL","A",6.8,7.2,2.5,2.45,"","",36.8,0.79,0.96,10.54,27.93,"",10.16,"",82.671,8.46,0.27,0.093,31.3,1.06,2.1,7,56.08197,0.415789473684211,53.5661805263158,0.0413043478260868,8.87,24.9721294363257,0.466192085957248,14.66964,85.33036
"53",53,53,2,"Double Litter","DL","A",6.8,7.2,0,2.7,"","",43.95,7.54,1.64,11.29,35.17,"",10.16,"",95.432,14.26,0.44,0.08,32.4,0.66,1,2,61.80462,3.96842105263158,56.8361989473684,0.132629107981221,8.78,22.8516476683938,0.402061504668089,24.72684,75.27316
"54",54,54,3,"No Litter","NL","B",7.4,8.4,10,4.88,"","",114.91,8.78,1.62,11.15,105.1,"",10.84,"",98.78,1.35,0.12,0.068,11.3,0,0,0,111.706128,4.62105263157895,107.085075368421,0.0336225596529287,9.81,92.9012172088142,0.867545891798573,2.3409,97.6591
"55",55,55,3,"No Litter","NL","B",7.4,8.4,7.5,2.58,"","",53.18,3.86,1.61,14.08,44.15,"",13.45,"",92.94,2.08,0.13,0.092,16,0.31,0.7,2,59.057748,2.03157894736842,56.3261690526316,0.0532094594594595,9.03,37.7494867682438,0.670194465612785,3.60672,96.39328
"56",56,56,3,"No Litter","NL","B",7.4,8.4,5,2.5,"","",46.06,16.47,1.63,11.36,37.24,"",11.05,"",92.336,2.02,0.17,1.162,11.9,0,0,0,57.2265,8.66842105263158,48.5580789473684,0.032908704883227,8.82,19.5835251798561,0.403301069654804,3.50268,96.49732
"57",57,57,3,"No Litter","NL","B",7.4,8.4,2.5,2.5,"","",40.72,3.99,1.63,10.71,31.69,"",10.28,"",83.498,2.069,0.16,1.03,12.9,0,0,0,57.2265,2.1,55.1265,0.0497109826589599,9.03,26.1992621145374,0.475257128867921,3.587646,96.412354
"58",58,58,3,"No Litter","NL","B",7.4,8.4,0,2.65,"Mossy top","",83.2,6.65,1.64,11.14,74.4,"",10.67,"",98.382,4.32,0.22,0.076,19.6,0,0,0,60.66009,3.5,57.16009,0.0520487264673312,8.8,64.0691578947368,1.12087223611329,7.49088,92.50912
"59",59,59,1,"No Root","NR","B",7.7,6.3,10,5.1,"","",118.93,0,1.64,14.43,109.61,"",14.06,"",81.006,2.226,0.171,1.02,13,0,0,0,116.74206,0,116.74206,0.0297906602254428,9.32000000000001,106.439108678655,0.911746020917013,3.859884,96.140116
"60",60,60,1,"No Root","NR","B",7.7,6.3,7.5,2.2,"","",58.63,0,1.61,11.2,49.52,"",10.99,"",95.245,2.37,0.16,0.039,14.8,0,0,0,50.35932,0,50.35932,0.0223880597014924,9.11,48.4356204379562,0.961800525462937,4.10958,95.89042
"61",61,61,1,"No Root","NR","B",7.7,6.3,5,2.5,"","",60.99,0,0.93,10.69,52.5,"",10.4,"",91.271,3,0.17,0.048,17.6,0,0,0,57.2265,0,57.2265,0.0306230200633579,8.49,50.9400614754098,0.890148121506816,5.202,94.798
"62",62,62,1,"No Root","NR","B",7.7,6.3,2.5,2.6,"","",52.36,1.95,1.58,10.69,43.45,"Big roots",11.14,"",84.414,4.727,0.234,1.215,20.2,0.7,2.1,4.5,59.51556,1.02631578947368,56.3892442105263,-0.0470711297071131,8.91,42.9462678375412,0.761603891642944,8.196618,91.803382
"63",63,63,1,"No Root","NR","B",7.7,6.3,0,2.6,"Larger top piece than measured…?","",98.86,5.14,1.62,10.73,89.69,"",8.58,"",82.668,9.26,0.36,0.059,25.7,0,0,0,59.51556,2.70526315789474,56.8102968421053,0.308908045977011,9.17,63.3827661909989,1.1156915156976,16.05684,83.94316
"64",64,64,1,"No Root","NR","A",7.8,10,10,4.83,"","",95.21,1.54,1.63,12.06,86.38,"",11.52,"",91.088,4.08,0.24,0.078,17,0,0,0,110.561598,0.810526315789474,109.751071684211,0.0546006066734074,8.83,80.3677852348993,0.732273352793707,7.07472,92.92528
"65",65,65,1,"No Root","NR","A",7.8,10,7.5,2.3,"","",46.95,5.05,1.22,10.64,38.13,"",10.3,"",87.268,4.24,0.2,0.058,21.2,0,0,0,52.64838,2.65789473684211,49.9904852631579,0.0374449339207048,8.82,31.7037579617834,0.634195843366789,7.35216,92.64784
"66",66,66,1,"No Root","NR","A",7.8,10,5,2.6,"","",40.52,1.48,1.66,10,30.72,"",9.75,"",86.736,3.77,0.19,0.043,19.8,0,0,0,59.51556,0.778947368421053,58.736612631579,0.030902348578492,9.8,28.3191366906475,0.482137723335821,6.53718,93.46282
"67",67,67,1,"No Root","NR","A",7.8,10,0,5.001,"","",66.11,1.61,1.59,11.51,61.05,"",11.13,"",81.568,7.38,0.27,0.048,27.3,0,0,0,114.4758906,0.847368421052632,113.628522178947,0.0398322851153039,5.06,57.1013911290323,0.5025269187177,12.79692,87.20308
"68",68,68,3,"No Litter","NL","C",7.6,9.2,10,4.65,"Wonky extraction","X",76.98,18.94,1.13,10.3,68.14,"",9.89,"",89.577,3.67,0.14,0.047,26.2,0.89,2.2,4,106.44129,9.96842105263158,94.2728689473684,0.0468036529680365,8.84,45.2633914940022,0.480131685811665,6.36378,93.63622
"69",69,69,3,"No Litter","NL","C",7.6,9.2,7.5,2.55,"Wonky extraction","X",45.09,14.13,0.97,11.01,36.38,"",10.61,"",83.692,2.69,0.11,0.058,24.5,0,0,0,58.37103,7.43684210526316,50.9341878947368,0.04149377593361,8.71,20.8005976095617,0.40838184467669,4.66446,95.33554
"70",70,70,3,"No Litter","NL","C",7.6,9.2,5,2.25,"Wonky extraction","X",36.56,6.17,0.97,11.85,27.76,"",10.49,"",84.895,1.94,0.11,3.227,17.6,0,0,0,51.50385,3.24736842105263,48.2564815789474,0.142857142857143,8.8,18.12,0.375493600177953,3.36396,96.63604
"71",71,71,3,"No Litter","NL","C",7.6,9.2,2.5,2.4,"Wonky extraction","X",44.63,1.85,1.62,11.67,35.9,"",11.34,"",93.371,2.209,0.097,0.983,22.7,0,0,0,54.93744,0.973684210526316,53.9637557894737,0.0339506172839508,8.73,32.8711940298507,0.609134659901909,3.830406,96.169594
"72",72,72,3,"No Litter","NL","C",7.6,9.2,0,2.8,"Wonky extraction","X",73.65,6.77,1.13,11.95,64.84,"Light charcoal",1228,"",94.321,3.864,0.19,0.961,20.4,0,0,0,64.09368,3.56315789473684,60.5305221052632,-0.99118080970274,8.81,7345.37887245849,121.350000247558,6.700176,93.299824
"73",73,73,17,"Double Litter","DL","C",7.7,6.6,10,4.95,"","",121.89,1.39,1.65,12.46,112.4,"",12.08,"",80.957,2.347,0.343,1,6.8,0,0,0,113.30847,0.731578947368421,112.576891052632,0.0364333652924258,9.48999999999999,107.058843663275,0.9509841910026,4.069698,95.930302
"74",74,74,17,"Double Litter","DL","C",7.7,6.6,7.5,2.38,"","",56.94,0,1.39,11.92,48.28,"",11.5,"",82.815,3.38,0.21,0.046,16.1,0,0,0,54.479628,0,54.479628,0.0415430267062315,8.66,46.354301994302,0.850855699570893,5.86092,94.13908
"75",75,75,17,"Double Litter","DL","C",7.7,6.6,5,2.65,"","",58.83,0.92,1.15,9.15,50.22,"",10.42,"",80.03,3.92,0.23,0.05,17,0,0,0,60.66009,0.48421052631579,60.1758794736842,-0.137001078748652,8.61,57.272425,0.951750526970629,6.79728,93.20272
"76",76,76,17,"Double Litter","DL","C",7.7,6.6,2.5,2.5,"","",53.19,0,1.31,11.96,44.5,"",11.54,"",83.937,5.65,0.28,0.064,20.2,0,0,0,57.2265,0,57.2265,0.0410557184750735,8.69,42.7450704225352,0.746945391078175,9.7971,90.2029
"77",77,77,17,"Double Litter","DL","C",7.7,6.6,0,2.6,"","",76.67,6.97,1.63,11.55,67.8,"",11.1,"",82.869,10.16,0.42,0.062,24.2,0,0,0,59.51556,3.66842105263158,55.8471389473684,0.0475184794086592,8.87,57.7543951612903,1.03415136835782,17.61744,82.38256
"78",78,78,1,"No Root","NR","C",7.6,8.2,10,5,"","",93.67,8.05,1.6,11.66,84.89,"",11.38,"",86.002,4.298,0.259,1.038,16.6,0,0,0,114.453,4.23684210526316,110.216157894737,0.0286298568507157,8.78,74.4772564612326,0.675738093976774,7.452732,92.547268
"79",79,79,1,"No Root","NR","C",7.6,8.2,7.5,2.25,"","",52.97,0.99,1.39,10.4,44.1,"",10.11,"",80.251,5.42,0.26,0.052,20.8,0,0,0,51.50385,0.521052631578947,50.9827973684211,0.0332568807339451,8.87,41.690577136515,0.817738125180598,9.39828,90.60172
"80",80,80,1,"No Root","NR","C",7.6,8.2,5,2.65,"","",53.46,7.51,1.14,11.82,44.51,"",11.37,"",92.823,4.546,0.231,1.05,19.7,0,0,0,60.66009,3.95263157894737,56.7074584210526,0.0439882697947215,8.95,35.1245786516854,0.619399628015164,7.882764,92.117236
"81",81,81,1,"No Root","NR","C",7.6,8.2,2.5,2.42,"","",45.59,2.26,1.63,10.96,36.76,"",9.79,"",91.432,5.7,0.26,0.045,21.9,0,0,0,55.395252,1.18947368421053,54.2057783157895,0.143382352941177,8.83000000000001,29.8902250803858,0.551421379954232,9.8838,90.1162
"82",82,82,1,"No Root","NR","C",7.6,8.2,0,2.5,"","",42.75,2.43,1.61,10.29,33.84,"",9.74,"",82.173,13.53,0.38,0.06,35.6,0,0,0,57.2265,1.27894736842105,55.947552631579,0.0676506765067649,8.91,29.2657603686636,0.523092771570939,23.46102,76.53898
"83",83,83,17,"Double Litter","DL","A",7.5,8.3,10,4.87,"","",116.3,20.5,1.63,11.69,107.3,"",11.98,"",86.676,3.93,0.21,0.049,18.7,0.2,1,2,111.477222,10.7894736842105,99.6877483157895,-0.0280193236714978,9,89.6931411530815,0.899740867543249,6.81462,93.18538
"84",84,84,17,"Double Litter","DL","A",7.5,8.3,7.5,2.4,"","",45.45,0,1.21,11.57,36.42,"",9.9,"",92.59,4.46,0.27,1.496,16.5,0,0,0,54.93744,0,54.93744,0.192174913693901,9.03,30.5492084942085,0.556072661816941,7.73364,92.26636
"85",85,85,17,"Double Litter","DL","A",7.5,8.3,5,2.5,"","",49.82,1.12,1.64,9.4,40.81,"Light charcoal",9.02,"Small spill before weight",84.901,5.247,0.256,1.194,20.5,0,0,0,57.2265,0.589473684210526,56.6370263157895,0.0514905149051492,9.01,37.6915721649485,0.665493487507494,9.098298,90.901702
"86",86,86,17,"Double Litter","DL","A",7.5,8.3,2.5,2.7,"","",48.68,0,1.56,10.59,39.68,"",8.66,"",87.286,7.83,0.28,4.787,28,0,0,0,61.80462,0,61.80462,0.271830985915493,9,31.1991140642303,0.504802295754433,13.57722,86.42278
"87",87,87,17,"Double Litter","DL","A",7.5,8.3,0,2.9,"","",60.52,3.36,1.58,11.77,51.57,"",9.35,"",96.265,8.54,0.29,0.07,29.4,0,0,0,66.38274,1.76842105263158,64.6143189473684,0.311454311454311,8.95,35.9627576054956,0.556575666065428,14.80836,85.19164
"88",88,88,17,"Double Litter","DL","B",7.7,8,10,4.9,"","",84.86,1.51,1.62,11.93,75.97,"Light charcoal",11.71,"",85.16,8.78,0.29,0.05,30.3,0,0,0,112.16394,0.794736842105263,111.369203157895,0.0218037661050544,8.89,72.8389136760427,0.654031021239998,15.22452,84.77548
"89",89,89,17,"Double Litter","DL","B",7.7,8,7.5,2.57,"","",34.87,4,1.6,8.72,26.01,"ALL WOOD",8.36,"",95.75,17.8,0.43,0.108,41.4,0,0,0,58.828842,2.10526315789474,56.7235788421053,0.0532544378698227,8.86,20.6948876404494,0.364837481394736,30.8652,69.1348
"90",90,90,17,"Double Litter","DL","B",7.7,8,5,2.3,"","",21.61,0,1.63,6.06,12.9,"Almost ALL WOOD, some charcoal, no 2mm extra",NA,NA,NA,NA,NA,NA,NA,0,0,0,52.64838,0,52.64838,NA,8.71,NA,NA,NA,NA
"91",91,91,17,"Double Litter","DL","B",7.7,8,2.5,2.4,"","",26.59,0,1.38,10.47,17.7,"",9.8,"",84.327,27.689,0.638,3.165,43.4,0,0,0,54.93744,0,54.93744,0.0795724465558192,8.89,16.3953795379538,0.29843726860869,48.012726,51.987274
"92",92,92,17,"Double Litter","DL","B",7.7,8,0,2.6,"","",28.91,0.79,1.37,10.39,19.98,"",9.61,"",91.943,30.43,0.76,1.125,40,0,0,0,59.51556,0.415789473684211,59.0997705263158,0.0946601941747574,8.93,17.4622394678492,0.295470512192153,52.76562,47.23438
"93",93,93,4,"No Root","NR","C",7.8,7,10,5.2,"","",116.9,0,1.65,11.27,107.99,"Some charcoal",12.73,"",90.444,2.95,0.22,0.079,13.4,0,0,0,119.03112,0,119.03112,-0.131768953068592,8.91000000000001,124.379334719335,1.04493123075154,5.1153,94.8847
"94",94,94,4,"No Root","NR","C",7.8,7,7.5,2.2,"","",59.29,0,1.64,11.94,50.36,"Light charcoal",11.48,"",94.092,2.876,0.195,1.11,14.7,0,0,0,50.35932,0,50.35932,0.0467479674796747,8.93,48.1109126213592,0.955352705742635,4.986984,95.013016
"95",95,95,4,"No Root","NR","C",7.8,7,5,2.5,"","",55.61,1.59,1.62,10.17,46.8,"",10.09,"Or 181?",88.104,3.02,0.2,0.046,15.1,0,0,0,57.2265,0.836842105263158,56.3896578947368,0.00944510035419148,8.81,44.7721052631579,0.793977245734216,5.23668,94.76332
"96",96,96,4,"No Root","NR","C",7.8,7,2.5,2.48,"","",68.45,1.81,1.58,10.02,59.59,"",9.66,"",80.63,7.62,0.33,0.059,23.1,0,0,0,56.768688,0.952631578947368,55.8160564210526,0.0445544554455445,8.86,55.2382464454976,0.989647961310698,13.21308,86.78692
"97",97,97,4,"No Root","NR","C",7.8,7,0,2.3,"","",54.25,1.08,0.99,12.51,45.41,"",11.97,"",90.91,4.13,0.23,0.052,18,0,0,0,52.64838,0.568421052631579,52.0799589473684,0.0491803278688524,8.84,42.20140625,0.810319499150305,7.16142,92.83858
"98",98,98,5,"Double Wood","DW","A",7.9,10.6,10,5.23,"","",121.12,0,1.32,12.33,112.12,"",10.94,"",94.39,3.45,0.23,0.068,15,0,0,0,119.717838,0,119.717838,0.144490644490645,9,97.9649772933697,0.818298917938776,5.9823,94.0177
"99",99,99,5,"Double Wood","DW","A",7.9,10.6,7.5,2.7,"","",44.9,0,1.6,10.64,36.99,"",9.93,"",96.66,8.08,0.34,0.092,23.8,0,0,0,61.80462,0,61.80462,0.0852340936374551,7.91,34.0848119469027,0.551492945784678,14.01072,85.98928
"100",100,100,5,"Double Wood","DW","A",7.9,10.6,5,1.97,"","",20.71,0,1.39,7.51,11.74,"Very little sample, LOTS OF WOOD",6.98,"",86.12,17.672,0.492,0.06,35.9,0,0,0,45.094482,0,45.094482,0.0948121645796063,8.97,10.7233006535948,0.237796292983136,30.643248,69.356752
"101",101,101,5,"Double Wood","DW","A",7.9,10.6,2.5,2.75,"","",26.11,1.61,1.14,8.56,17.21,"mostly wood",7.85,"",86.5,19.19,0.53,0.11,36.2,0,0,0,62.94915,0.847368421052632,62.1017815789474,0.105812220566319,8.9,13.9532210242588,0.224683103600186,33.27546,66.72454
"102",102,102,5,"Double Wood","DW","A",7.9,10.6,0,2.35,"","",19.76,0,0.96,6.46,10.93,"mostly wood",5.92,"",85.962,20.716,0.625,0.183,33.1,0,0,0,53.79291,0,53.79291,0.108870967741935,8.83,9.85687272727273,0.183237395546601,35.921544,64.078456
"103",103,103,5,"Double Wood","DW","B",7.9,8,10,4.88,"","",103.74,0,1.55,12.38,101.01,"Sample burned, some sample LOST",11.11,"",83.171,0.897,0.062,0.033,14.5,0,0,0,111.706128,0,111.706128,0.132845188284519,2.72999999999999,89.1648753462604,0.798209345742074,1.555398,98.444602
"104",104,104,5,"Double Wood","DW","B",7.9,8,7.5,2.7,"","",64.46,0,1.38,13.47,61.74,"Burned in oven - no loss",11.91,"",91.662,0.856,0.073,0.062,11.7,0,0,0,61.80462,0,61.80462,0.148148148148148,2.71999999999999,53.7735483870968,0.870057099082508,1.484304,98.515696
"105",105,105,5,"Double Wood","DW","B",7.9,8,5,2.05,"","",35.33,0,0.98,12.62,32.66,"Sample burned, some sample LOST",11.73,"",90.626,1.874,0.127,0.037,14.8,0.31,1,2,46.92573,0,45.92573,0.0827906976744185,2.67,29.8528006872852,0.650023433210212,3.249516,96.750484
"106",106,106,5,"Double Wood","DW","B",7.9,8,2.5,2.6,"","",46.63,0,1.57,11.32,43.96,"Burned in oven - no loss",10.15,"",94.062,2.533,0.127,0.036,19.9,1.53,3,4,59.51556,0,56.51556,0.136363636363636,2.67,37.1548,0.657426025682131,4.392222,95.607778
"107",107,107,5,"Double Wood","DW","B",7.9,8,0,2.6,"","",47.07,0,1.58,10.88,44.4,"Burned in oven - no loss",8.91,"",82.11,6.129,0.258,0.065,23.8,3.14,4.1,6,59.51556,0,55.41556,0.268758526603001,2.67,31.8548387096774,0.574835636591553,10.627686,89.372314
"108",108,108,5,"Double Wood","DW","C",7.7,9.1,10,4.8,"","",104.74,0.84,1.4,12.74,102.11,"Burned in oven - no loss",10.75,"",86.745,1.382,0.086,0.032,16.1,0.33,1.1,3,109.87488,0.442105263157895,108.332774736842,0.212834224598931,2.63,83.0212257495591,0.766353727680576,2.396388,97.603612
"109",109,109,5,"Double Wood","DW","C",7.7,9.1,7.5,2.45,"","",63.18,1.993,1.22,11.88,53.3,"",11.03,"",85.124,1.905,0.112,0.035,17,0,0,0,56.08197,1.04894736842105,55.033022631579,0.0866462793068299,9.88,47.057,0.855068425280312,3.30327,96.69673
"110",110,110,5,"Double Wood","DW","C",7.7,9.1,5,2.45,"","",51.93,0,1.44,13.43,49.28,"Burned in oven - no loss",12.04,"",96.319,2.548,0.138,0.042,18.5,0,0,0,56.08197,0,56.08197,0.131132075471698,2.65,43.5669724770642,0.776844545173149,4.418232,95.581768
"111",111,111,5,"Double Wood","DW","C",7.7,9.1,2.5,2.6,"","",43.49,0,1.16,9.42,34.36,"burned bag - no loss",8.74,"",90.47,6.5,0.27,0.08,24.1,0,0,0,59.51556,0,59.51556,0.0897097625329815,9.13,31.5313317191283,0.529799798895084,11.271,88.729
"112",112,112,5,"Double Wood","DW","C",7.7,9.1,0,2.55,"","",16.63,0.71,1.61,10.25,14.02,"Burned in oven - no loss",9.54,"",96.915,14.192,0.465,0.053,30.5,0,0,0,58.37103,0.373684210526316,57.9973457894737,0.0895334174022701,2.61,12.1578935185185,0.209628446837047,24.608928,75.391072
"113",113,113,14,"Control","CTL","A",7.7,10.3,10,5.25,"Top 5 cm may be inaccurate due to compaction","",90.76,0,1.57,11.01,81.95,"LOTS OF WOOD",9.03,"",84.026,8.261,0.229,0.051,36.1,0,0,0,120.17565,0,120.17565,0.265415549597855,8.81,64.7613347457627,0.538888990787757,14.324574,85.675426
"114",114,114,14,"Control","CTL","A",7.7,10.3,7.5,2.3,"Top 5 cm may be inaccurate due to compaction","",24.94,0,1.6,4.33,16.13,"ALL WOOD",3.61,"",86.336,48.482,0.756,0.088,64.1,0,0,0,52.64838,0,52.64838,0.358208955223881,8.81,11.8759340659341,0.225570740560945,84.067788,15.932212
"115",115,115,14,"Control","CTL","A",7.7,10.3,5,2.6,"Top 5 cm may be inaccurate due to compaction","",22.36,0,1.63,4.77,13.47,"ALL WOOD",3.92,"",83.701,51.83,1.11,1.272,46.7,0,0,0,59.51556,0,59.51556,0.37117903930131,8.89,9.82366242038217,0.16506040471403,89.87322,10.12678
"116",116,116,14,"Control","CTL","A",7.7,10.3,2.5,2.4,"Top 5 cm may be inaccurate due to compaction","X",17.46,0,1.64,3.76,8.49,"ALL WOOD",3.37,"",93.986,49.77,1.13,0.133,44,0,0,0,54.93744,0,54.93744,0.225433526011561,8.97,6.92816037735849,0.126109996704588,86.30118,13.69882
"117",117,117,14,"Control","CTL","A",7.7,10.3,0,1.001,"Top 5 cm may be inaccurate due to compaction","X",15.6,0,1.12,4.2,6.8,"ALL WOOD",3.79,"",92.069,45.8,1.21,0.142,37.9,0,0,0,22.9134906,0,22.9134906,0.153558052434457,8.8,5.89480519480519,0.257263517711491,79.4172,20.5828
"118",118,118,14,"Control","CTL","C",7.7,8.1,10,5.05,"","",117.88,0,0.98,12.71,109.06,"",11.42,"",90.225,3.208,0.161,0.046,19.9,1.19,2,5,115.59753,0,113.59753,0.123563218390805,8.81999999999999,95.876189258312,0.843998890277914,5.562672,94.437328
"119",119,119,14,"Control","CTL","C",7.7,8.1,7.5,2.23,"","",49.97,0,1.14,10.21,41.03,"lots of little wood and charcoal",9.31,"",92.788,5.46,0.23,4.959,23.7,0,0,0,51.046038,0,51.046038,0.11015911872705,8.94,36.9586659316428,0.724026141492955,9.46764,90.53236
"120",120,120,14,"Control","CTL","C",7.7,8.1,5,2.55,"","",60.73,0,1.65,12.32,51.79,"SOME CHARCOAL AND WOOD IN < 2MM",11.14,"",94.028,2.69,0.15,0.076,17.9,0,0,0,58.37103,0,58.37103,0.124341412012645,8.94,46.0625210871603,0.789133258178933,4.66446,95.33554
"121",121,121,14,"Control","CTL","C",7.7,8.1,2.5,2.6,"","",59.29,0,1.58,12.75,50.4,"",11.74,"",81.452,2.342,0.122,0.039,19.2,0,0,0,59.51556,0,59.51556,0.0994094488188976,8.89,45.8427931960609,0.770265678354717,4.061028,95.938972
"122",122,122,14,"Control","CTL","C",7.7,8.1,0,2.4,"","",55.38,0.61,1.15,10.73,46.48,"lots of little wood and charcoal",9.45,"",81.34,6.89,0.29,0.097,23.8,0,0,0,54.93744,0.321052631578947,54.6163873684211,0.15421686746988,8.90000000000001,39.6597286012526,0.726150712490802,11.94726,88.05274
"123",123,124,4,"No Root","NR","A",7.7,7.7,10,5.05,"","",134.5,0,1.59,13.38,125.68,"",11.85,"",86.443,2.441,0.147,0.035,16.6,1.33,2,5,115.59753,0,113.59753,0.149122807017544,8.81999999999999,108.040381679389,0.951080377182403,4.232694,95.767306
"124",124,125,4,"No Root","NR","A",7.7,7.7,7.5,2.4,"","",63.19,0.91,1.61,13.59,54.41,"",12.79,"",95.59,2.493,0.158,0.034,15.8,0,0,0,54.93744,0.478947368421053,54.458492631579,0.0715563506261181,8.78,49.8666110183639,0.915681073945989,4.322862,95.677138
"125",125,126,4,"No Root","NR","A",7.7,7.7,5,2.47,"","",60.04,0,1.01,11.59,50.97,"burned bag - no loss",10.83,"",84.554,2.59,0.18,1.653,14.4,0,0,0,56.539782,0,56.539782,0.0773930753564155,9.07,47.3086389413989,0.836731895099964,4.49106,95.50894
"126",126,127,4,"No Root","NR","A",7.7,7.7,2.5,2.6,"","",60.85,0.606,1.58,12.32,52,"",11.52,"",80.249,2.809,0.191,0.04,14.7,0,0,0,59.51556,0.318947368421053,59.196612631579,0.0804828973843059,8.85,47.5206294227188,0.802759267974879,4.870806,95.129194
"127",127,128,4,"No Root","NR","A",7.7,7.7,0,2.4,"","",85.7,1.44,1.22,13.11,76.89,"",11.68,"",83.946,5.852,0.264,0.164,22.2,0,0,0,54.93744,0.757894736842105,54.1795452631579,0.136711281070746,8.81,66.2025063078217,1.2219095968094,10.147368,89.852632
"128",128,129,69,"No Input","NI","C",7.6,5.9,10,4.93,"","",103.63,3.18,1.22,12.68,94.811,"",12.47,"",93.908,2.79,0.173,1.021,16.1,0,0,0,112.850658,1.67368421052632,111.176973789474,0.0186666666666666,8.81899999999999,89.8936256544503,0.808563343563157,4.83786,95.16214
"129",129,130,69,"No Input","NI","C",7.6,5.9,7.5,2.48,"","",60.8,0,1.57,11.2,51.86,"",10.44,"",94.146,3.282,0.183,0.092,17.9,0,0,0,56.768688,0,56.768688,0.0856820744081172,8.94,47.7672066458982,0.841435804292293,5.690988,94.309012
"130",130,131,69,"No Input","NI","C",7.6,5.9,5,2.4,"","",58.93,3.75,1.64,12.47,50.24,"",11.14,"",82.094,3.907,0.204,1.156,19.1,0,0,0,54.93744,1.97368421052632,52.9637557894737,0.14,8.69,40.3201754385965,0.761278629840105,6.774738,93.225262
"131",131,132,69,"No Input","NI","C",7.6,5.9,2.5,2.4,"","",50.08,2.31,1.61,10.7,41.44,"",11.52,"",86.92,3.93,0.235,1.069,16.7,0,0,0,54.93744,1.21578947368421,53.7216505263158,-0.082744702320888,8.64,42.8682618261826,0.797969932163261,6.81462,93.18538
"132",132,133,69,"No Input","NI","C",7.6,5.9,0,2.7,"Top core measured ~4.5 cm when extracted…?","",104.83,3.55,1.62,12.69,96.1,"",11.57,"",92.093,4.903,0.231,1.264,21.2,0,0,0,61.80462,1.86842105263158,59.9361989473684,0.112562814070352,8.73,82.827145438121,1.38192189182457,8.501802,91.498198
"133",133,134,4,"No Root","NR","B",7.6,8.1,10,5.96,"","",127.63,0,1.57,11.82,118.59,"",10.36,"",96.959,1.97,0.15,2.244,13.1,0,0,0,136.427976,0,136.427976,0.166097838452787,9.03999999999999,101.698156097561,0.745434764036673,3.41598,96.58402
"134",134,135,4,"No Root","NR","B",7.6,8.1,7.5,2.37,"","",59.81,0,1.31,11.8,50.77,"",11.02,"",90.174,2.32,0.16,0.052,14.5,0,0,0,54.250722,0,54.250722,0.0803295571575696,9.04,46.994918970448,0.866254258707341,4.02288,95.97712
"135",135,136,4,"No Root","NR","B",7.6,8.1,5,2.65,"","",58.16,0,1.15,10.97,49.21,"",10.22,"",81.808,2.67,0.18,0.076,14.8,0,0,0,60.66009,0,60.66009,0.0826901874310915,8.95,45.4515987780041,0.749283404920831,4.62978,95.37022
"136",136,137,4,"No Root","NR","B",7.6,8.1,2.5,2.35,"","",49.32,0.63,1.62,11.54,40.61,"",11.95,"",91.569,3.65,0.19,1.161,19.2,0,0,0,53.79291,0.331578947368421,53.4613310526316,-0.0396902226524686,8.71,41.6584375,0.779225595019101,6.3291,93.6709
"137",137,138,4,"No Root","NR","B",7.6,8.1,0,2.35,"","",54.99,0,1.61,11.69,46.03,"",10.6,"",98.305,9.96,0.34,0.084,29.3,0,0,0,53.79291,0,53.79291,0.121245828698554,8.96,41.0525496031746,0.763159115265833,17.27064,82.72936
"138",138,139,14,"Control","CTL","B",7.7,8.7,10,5.4,"Top 0-7.5 cm mostly wood","",127.6,6.89,1.63,10.87,118.7,"",9.33,"",85.679,4.58,0.21,0.079,21.8,0,0,0,123.60924,3.62631578947368,119.982924210526,0.2,8.89999999999999,92.0266666666667,0.766998031363141,7.94172,92.05828
"139",139,140,14,"Control","CTL","B",7.7,8.7,7.5,2.1,"Top 0-7.5 cm mostly wood","",37.49,3.18,1.64,11.91,28.57,"",10.9,"",90.979,8.98,0.28,0.083,32.1,1.27,3,6,48.07026,1.67368421052632,43.3965757894737,0.109071274298056,8.92,21.3102921129503,0.491059299616892,15.57132,84.42868
"140",140,141,14,"Control","CTL","B",7.7,8.7,5,2.2,"Top 0-7.5 cm mostly wood","X",28.49,0,1.12,6.6,19.72,"mostly wood",5.55,"",96.454,17.03,0.37,0.089,46,0,0,0,50.35932,0,50.35932,0.237020316027088,8.77,15.9415328467153,0.316555760616214,29.53002,70.46998
"141",141,142,14,"Control","CTL","B",7.7,8.7,2.5,2.75,"Top 0-7.5 cm mostly wood","X",18.08,0,1.01,4.07,9.25,"ALL WOOD",3.7,"",98.328,29.89,0.53,0.068,56.4,0,0,0,62.94915,0,62.94915,0.137546468401487,8.83,8.13153594771242,0.129176262867925,51.82926,48.17074
"142",142,143,14,"Control","CTL","B",7.7,8.7,0,2.4,"Top 0-7.5 cm mostly wood","X",24.18,0,1.16,4.85,15.23,"ALL WOOD",3.92,"",97.462,42.84,0.75,0.093,57.1,0,0,0,54.93744,0,54.93744,0.33695652173913,8.95,11.3915447154472,0.207354851544723,74.28456,25.71544
"143",143,144,6,"No Root","NR","A",5.9,8.8,10,4.88,"Short PVC tube, likely not a problem","",107.41,11.84,1.64,11.86,98.29,"Big rocks",11.72,"",89.721,2.671,0.16,0.978,16.6,0,0,0,111.706128,6.23157894736842,105.474549052632,0.0138888888888888,9.11999999999999,85.1035616438356,0.806863479467157,4.631514,95.368486
"144",144,145,6,"No Root","NR","A",5.9,8.8,7.5,2.3,"Short PVC tube, likely not a problem","",44.12,0,0.97,13.18,39.19,"",12.72,"",91.897,3.828,0.191,0.058,20,0,0,0,52.64838,0,52.64838,0.0391489361702127,4.93,37.7135544635545,0.716328868306194,6.637752,93.362248
"145",145,146,6,"No Root","NR","A",5.9,8.8,5,2.43,"Short PVC tube, likely not a problem","",46.13,2,1.6,11.36,37.4,"",10.96,"",97.529,3.51,0.199,1.235,17.6,0,0,0,55.624158,1.05263157894737,54.5715264210526,0.0427350427350426,8.73,33.8672131147541,0.620602268909392,6.08634,93.91366
"146",146,147,6,"No Root","NR","A",5.9,8.8,0,5.001,"Short PVC tube, likely not a problem","",68.33,5.65,1.62,15.59,59.73,"",11.41,"",85.488,4.296,0.221,1.225,19.5,0,0,0,114.4758906,2.97368421052632,111.502206389474,0.426966292134831,8.6,36.208031496063,0.324729282661811,7.449264,92.550736
"147",147,148,69,"No Input","NI","A",7.9,8.7,7.5,7.501,"Accidentally cut off 7.5 cm instead of 5 cm from end","X",152.94,2.41,1.61,12.95,144.25,"Large sample",12.66,"",81.409,3.775,0.215,1.093,17.6,0,0,0,171.7023906,1.26842105263158,170.433969547368,0.0262443438914026,8.69,138.1510670194,0.81058410706678,6.54585,93.45415
"148",148,149,69,"No Input","NI","A",7.9,8.7,5,2.42,"","",55.73,4.38,1.63,13.43,46.86,"",11.74,"",83.68,4.081,0.232,1.085,17.6,0,0,0,55.395252,2.30526315789474,53.0899888421053,0.167161226508408,8.87,35.7686949152542,0.673737096114933,7.076454,92.923546
"149",149,150,69,"No Input","NI","A",7.9,8.7,2.5,2.4,"","",40.28,0,1.14,10.06,31.24,"",9.71,"",97.663,5.492,0.263,1.167,20.8,0,0,0,54.93744,0,54.93744,0.0408401400233372,9.04,30.0142152466368,0.546334435070814,9.523128,90.476872
"150",150,151,69,"No Input","NI","A",7.9,8.7,0,2.55,"","",54.71,5.57,1.62,11.92,46.04,"Small charcoal + wood",9.95,"",81.954,9.011,0.372,1.498,24.2,0,0,0,58.37103,2.93157894736842,55.4394510526316,0.236494597839136,8.67,31.6642912621359,0.571150880121005,15.625074,84.374926
"151",151,151,69,"No Input","NI","A",7.9,8.7,0,2.55,"","",54.71,5.57,1.62,11.92,46.04,"Small charcoal + wood",12.23,"",81.954,9.011,0.372,1.498,24.2,0,0,0,58.37103,2.93157894736842,55.4394510526316,-0.0292177191328934,8.67,41.8556699029126,0.754979876391215,15.625074,84.374926
"152",152,152,49,"No Input","NI","B",7.9,8.3,10,4.9,"","",124.71,5.89,1.62,12.66,116.13,"",11.94,"",85.385,1.62,0.148,0.945,10.9,0,0,0,112.16394,3.1,109.06394,0.069767441860465,8.58,102.666304347826,0.941340504916896,2.80908,97.19092
"153",153,153,49,"No Input","NI","B",7.9,8.3,7.5,2.6,"","",63.31,2.4,1.66,14.34,54.68,"",11.68,"",92.016,2.146,0.169,1.131,12.7,0,0,0,59.51556,1.26315789473684,58.2524021052632,0.265469061876248,8.63,40.8092744479495,0.700559512965773,3.721164,96.278836
"154",154,154,49,"No Input","NI","B",7.9,8.3,5,2.3,"","",47.25,1.5,1.6,11.34,38.73,"",11.72,"",81.188,2.959,0.206,1.162,14.4,0.5,1.4,2,52.64838,0.789473684210526,50.4589063157895,-0.0375494071146246,8.52,38.2410266940452,0.757864755425325,5.130906,94.869094
"155",155,155,49,"No Input","NI","B",7.9,8.3,2.5,2.4,"","",43.77,1.28,1.31,11.71,35.17,"Big root",11.79,"",93.215,3.397,0.205,0.037,16.6,0.34,1.5,3,54.93744,0.673684210526316,52.7637557894737,-0.00763358778625938,8.6,33.8205384615385,0.640980497985809,5.890398,94.109602
"156",156,156,49,"No Input","NI","B",7.9,8.3,0,2.5,"Mossy top","",73.97,2.13,1.61,10.74,65.34,"",11.04,"",87.407,3.833,0.239,1.236,16.1,0.26,0.8,2,57.2265,1.12105263157895,55.3054473684211,-0.0318133616118769,8.63,65.0969879518072,1.17704477676781,6.646422,93.353578
"157",157,157,49,"No Input","NI","A",7.7,7.8,10,4.95,"","",153.63,0,1,12.69,144.88,"",11.29,"",95.509,1.51,0.12,0.061,12.6,0,0,0,113.30847,0,113.30847,0.136054421768708,8.75,127.529101796407,1.12550369620565,2.61834,97.38166
"158",158,158,49,"No Input","NI","A",7.7,7.8,7.5,2.62,"","",70.05,3.89,1,12.58,61.25,"",11.9,"",94.879,2.55,0.163,0.037,15.6,0,0,0,59.973372,2.04736842105263,57.9260035789474,0.0623853211009174,8.8,53.7632815198618,0.92813724749003,4.4217,95.5783
"159",159,159,49,"No Input","NI","A",7.7,7.8,5,2.86,"","",70.78,2.25,1.63,14.09,62.13,"Small charcoal + wood",13.2,"",88.979,3.347,0.201,1.164,16.7,0,0,0,65.467116,1.18421052631579,64.2829054736842,0.076923076923077,8.65,55.4421428571429,0.862471016961725,5.803698,94.196302
"160",160,160,49,"No Input","NI","A",7.7,7.8,2.5,1.42,"","",33.7,0.8,1.6,12.22,24.99,"",11.96,"",94.151,4.64,0.237,1.122,19.6,0,0,0,32.504652,0.421052631578947,32.0835993684211,0.0250965250965251,8.71,23.5781920903955,0.73489859475065,8.04576,91.95424
"161",161,161,49,"No Input","NI","A",7.7,7.8,0,2.9,"","",85,6.04,1.62,9.98,76.09,"Light wood + charcoal",10.3,"",97.141,5.111,0.265,1.414,19.3,0,0,0,66.38274,3.17894736842105,63.203792631579,-0.0368663594470046,8.91,72.9625358851675,1.15440122890209,8.862474,91.137526
"162",162,162,49,"No Input","NI","C",7.5,7.6,10,5.1,"","",154.42,0,1.63,14.26,145.36,"",10.97,"",80.57,1.85,0.15,0.043,12.3,0,0,0,116.74206,0,116.74206,0.352248394004283,9.05999999999997,107.49504354711,0.920791046064375,3.2079,96.7921
"163",163,163,49,"No Input","NI","C",7.5,7.6,7.5,2.35,"","",55.06,1.5,1.62,13.51,46.38,"Big roots",12.11,"",85.435,2.745,0.184,1.105,14.9,0,0,0,53.79291,0.789473684210526,53.0034363157895,0.13346043851287,8.68,39.4189402859546,0.743705371310272,4.75983,95.24017
"164",164,164,49,"No Input","NI","C",7.5,7.6,5,2.6,"","",62.41,2.14,1.62,12.78,53.73,"",10.38,"",95.046,3.18,0.2,0.627,15.9,0,0,0,59.51556,1.12631578947368,58.3892442105263,0.273972602739726,8.68,40.0351612903226,0.685659864785595,5.51412,94.48588
"165",165,165,49,"No Input","NI","C",7.5,7.6,2.5,2.3,"","",48.39,1.43,1.61,10.76,39.58,"",10.23,"",89.067,4.812,0.239,0.055,20.1,0,0,0,52.64838,0.752631578947368,51.8957484210526,0.0614849187935034,8.81,35.8573879781421,0.690950397077148,8.344008,91.655992
"166",166,166,49,"No Input","NI","C",7.5,7.6,0,2.5,"","",69.57,1.94,1.63,12.8,60.65,"",11.5,"",93.497,7.079,0.3,0.056,23.6,0,0,0,57.2265,1.02105263157895,56.2054473684211,0.131712259371834,8.91999999999999,51.6513607878245,0.918974284632147,12.274986,87.725014
"167",167,167,69,"No Input","NI","B",7.6,7.7,10,5.05,"","",139.84,0,1.61,13.48,130.49,"",10.97,"",93.774,3.48,0.187,0.035,18.6,0,0,0,115.59753,0,115.59753,0.268162393162393,9.34999999999999,102.896916596462,0.890130754493298,6.03432,93.96568
"168",168,168,69,"No Input","NI","B",7.6,7.7,7.5,2.85,"","",59.42,4,1.6,11.98,50.55,"",10.44,"",89.795,4.04,0.2,0.047,20.2,0,0,0,65.23821,2.10526315789474,63.1329468421053,0.17420814479638,8.87,39.050289017341,0.618540571454796,7.00536,92.99464
"169",169,169,69,"No Input","NI","B",7.6,7.7,5,2.5,"","",55.67,1.13,1.61,10.41,46.82,"",9.58,"",98.738,4.8,0.23,0.042,20.9,0,0,0,57.2265,0.594736842105263,56.6317631578947,0.104140526976161,8.85,41.2740227272727,0.728814015770563,8.3232,91.6768
"170",170,170,69,"No Input","NI","B",7.6,7.7,2.5,2.45,"Spilled a little before weighing","X",43.9,2.92,1.15,11.253,34.85,"",9.7,"",87.105,5.46,0.27,0.056,20.2,0,0,0,56.08197,1.53684210526316,54.5451278947369,0.181637426900585,9.05,26.5729723844403,0.487174077870378,9.46764,90.53236
"171",171,171,69,"No Input","NI","B",7.6,7.7,0,2.52,"","",75.09,4.99,1.61,13.54,66.19,"heavy wood, some rocks, some roots",12.19,"",87.144,8.913,0.302,0.045,29.5,0.86,2.7,4,57.684312,2.62631578947368,52.3579962105263,0.127599243856333,8.90000000000001,52.8499329421626,1.00939563709922,15.455142,84.544858
"172",172,172,6,"No Root","NR","C",7.7,8,10,5.05,"White fungi throughout","",104.68,9.75,1.63,13.47,95.83,"Big rock",13.29,"",80.563,2.392,0.181,1.172,13.2,0,0,0,115.59753,5.13157894736842,110.465951052632,0.0154373927958833,8.85000000000001,84.623125,0.766056184676138,4.147728,95.852272
"173",173,173,6,"No Root","NR","C",7.7,8,7.5,2.38,"White fungi throughout","",47.76,3.31,1.62,13.41,38.66,"",9.71,"",83.645,3.062,NA,1.198,NA,0,0,0,54.479628,1.74210526315789,52.7375227368421,0.457354758961681,9.1,23.2175148430874,0.440246595558569,5.309508,94.690492
"174",174,174,6,"No Root","NR","C",7.7,8,5,2.45,"White fungi throughout","",47.99,1.47,1.6,10.13,39.26,"",10.33,"",83.306,3.043,0.198,1.356,15.4,0,0,0,56.08197,0.773684210526316,55.3082857894737,-0.0229095074455898,8.73,38.7105158264947,0.699904458688939,5.276562,94.723438
"175",175,175,6,"No Root","NR","C",7.7,8,2.5,2.5,"White fungi throughout","",42.07,0,1.44,10.47,33.22,"",9.5,"",88.303,3.43,0.23,0.046,14.9,0,0,0,57.2265,0,57.2265,0.120347394540943,8.85,29.6515171650055,0.518143118398042,5.94762,94.05238
"176",176,176,6,"No Root","NR","C",7.7,8,0,2.5,"White fungi throughout","",56.64,3.15,1.62,10.89,47.9,"",9.51,"",88.516,7.232,0.333,1.667,21.7,0,0,0,57.2265,1.65789473684211,55.5686052631579,0.174904942965779,8.74,37.6192556634304,0.676987581122034,12.540288,87.459712
"177",177,177,7,"No Litter","NL","B",7.9,8,10,4.8,"","",118.86,2.02,1.63,13.44,110.1,"",11.45,"",84.26,2.211,0.183,1.089,12.1,0,0,0,109.87488,1.06315789473684,108.811722105263,0.20264765784114,8.76000000000001,89.5280101608806,0.822779094280598,3.833874,96.166126
"178",178,178,7,"No Litter","NL","B",7.9,8,7.5,2.3,"","",57.77,2.05,1.61,10.95,49.09,"",10.8,"",94.348,2.29,0.17,0.038,13.5,0,0,0,52.64838,1.07894736842105,51.5694326315789,0.016322089227421,8.68,46.2516167023555,0.896880464688939,3.97086,96.02914
"179",179,179,7,"No Litter","NL","B",7.9,8,5,2.45,"","",59.45,1.89,1.61,13.29,50.62,"",12.93,"",99.061,2.807,0.2,1.075,14,0,0,0,56.08197,0.994736842105263,55.0872331578947,0.0318021201413427,8.83000000000001,47.1697945205479,0.856274527082286,4.867338,95.132662
"180",180,180,7,"No Litter","NL","B",7.9,8,2.5,2.55,"","",57.32,0,1.42,12.1,48.34,"",11.37,"",88.767,3.2,0.19,0.04,16.8,0,0,0,58.37103,0,58.37103,0.0733668341708543,8.98,45.035861423221,0.771544744425805,5.5488,94.4512
"181",181,181,7,"No Litter","NL","B",7.9,8,0,2.55,"Mossy top","",82.79,4.84,1.39,13.58,73.81,"PVC fragments?",NA,NA,92.795,5.19,0.29,1.109,17.9,0,0,0,58.37103,2.54736842105263,55.8236615789474,NA,8.98,NA,NA,8.99946,91.00054
"182",182,182,7,"No Litter","NL","A",7.7,8.5,10,4.9,"","",156.95,0,1.62,14.487,147.36,"",11.25,"",88.891,1.28,0.12,0.038,10.7,0,0,0,112.16394,0,112.16394,0.336137071651091,9.58999999999997,110.288085800886,0.983275781867916,2.21952,97.78048
"183",183,183,7,"No Litter","NL","A",7.7,8.5,7.5,2.97,"","",82.18,1.86,1.63,13.41,73.18,"",10.66,"",92.678,1.507,0.13,1.164,11.6,0,0,0,67.985082,0.978947368421053,67.006134631579,0.304540420819491,9,54.2363837011885,0.809424151973507,2.613138,97.386862
"184",184,184,7,"No Litter","NL","A",7.7,8.5,5,1.87,"","",52.32,0,1.62,10.54,43.47,"",10.18,"",92.997,2.289,0.178,1.038,12.9,0,0,0,42.805422,0,42.805422,0.0420560747663551,8.85,41.7156053811659,0.974540220189067,3.969126,96.030874
"185",185,185,7,"No Litter","NL","A",7.7,8.5,2.5,2.65,"Inaccurate weight?","X",60.04,2.15,1.62,13.34,51.27,"",11.09,"",82.097,2.178,0.157,1.086,13.9,0,0,0,60.66009,1.13157894736842,59.5285110526316,0.237592397043295,8.77,39.2772098976109,0.659805011129614,3.776652,96.223348
"186",186,186,7,"No Litter","NL","A",7.7,8.5,0,2.5001,"Inaccurate weight?","X",53.35,1.67,1.63,11.77,44.61,"",9.9,"",82.149,4.981,0.255,1.2,19.5,0,0,0,57.22878906,0.878947368421053,56.349841691579,0.226118500604595,8.74,34.7131065088757,0.616028465507887,8.637054,91.362946
"187",187,187,6,"No Root","NR","B",7.6,7.6,10,5,"","",NA,NA,NA,NA,NA,NA,NA,NA,NA,NA,NA,NA,NA,0,0,0,114.453,NA,NA,NA,NA,NA,NA,NA,NA
"188",188,188,6,"No Root","NR","B",7.6,7.6,7.5,2.45,"","",NA,NA,NA,NA,NA,NA,NA,NA,NA,NA,NA,NA,NA,0,0,0,56.08197,NA,NA,NA,NA,NA,NA,NA,NA
"189",189,189,6,"No Root","NR","B",7.6,7.6,5,2.28,"","",106.23,4.47,1.63,11.47,97.33,"",13.18,"",94.89,3.34,0.21,0.051,15.9,0,0,0,52.190568,2.35263157894737,49.8379364210526,-0.148051948051948,8.90000000000001,109.774054878049,2.20262038842519,5.79156,94.20844
"190",190,190,6,"No Root","NR","B",7.6,7.6,2.5,2.65,"","",53.05,2.21,1.63,11.76,48.15,"",10.23,"",91.2,3.828,0.228,1.215,16.8,0,0,0,60.66009,1.16315789473684,59.4969321052632,0.177906976744186,4.9,38.6675913129319,0.649908994375045,6.637752,93.362248
"191",191,191,6,"No Root","NR","B",7.6,7.6,0,2.6,"","",46.39,2.58,1.62,11.59,37.5,"Big roots",9.95,"",96.801,4.403,0.241,1.33,18.3,0,0,0,59.51556,1.35789473684211,58.1576652631579,0.1968787515006,8.89,28.7514944834504,0.494371539045671,7.634802,92.365198
"192",192,192,7,"No Litter","NL","C",7.5,8.2,10,5.001,"BAD weight","X",49.93,2.05,1.61,12.55,41.25,"Big roots",10.71,"",89.013,6.149,0.287,1.404,21.5,0,0,0,114.4758906,1.07894736842105,113.396943231579,0.202197802197802,8.68,32.2621572212066,0.284506409977215,10.662366,89.337634
"193",193,192,7,"No Litter","NL","C",7.5,8.2,10,5.001,"BAD weight","X",122,1.19,1.31,12.75,113.12,"BAD CORE WEIGHT VALUE",11.81,"",89.013,6.149,0.287,1.404,21.5,0,0,0,114.4758906,0.626315789473684,113.849574810526,0.0895238095238095,8.88,102.635174825175,0.901498095148664,10.662366,89.337634
"194",194,192,7,"No Litter","NL","C",7.5,8.2,10,5.001,"BAD weight","X",122,1.19,1.31,12.75,113.12,"BAD CORE WEIGHT VALUE",10.71,"",89.013,6.149,0.287,1.404,21.5,0,0,0,114.4758906,0.626315789473684,113.849574810526,0.217021276595745,8.88,91.7582517482518,0.805960425420648,10.662366,89.337634
"195",195,192,7,"No Litter","NL","C",7.5,8.2,10,5.001,"BAD weight","X",49.93,2.05,1.61,12.55,41.25,"Big roots",11.81,"",89.013,6.149,0.287,1.404,21.5,0,0,0,114.4758906,1.07894736842105,113.396943231579,0.0725490196078432,8.68,36.4097806215722,0.321082558171046,10.662366,89.337634
"196",196,193,7,"No Litter","NL","C",7.5,8.2,7.5,2.6,"","",58.76,2.55,1.65,11.36,50.03,"",9.79,"",81.505,8.997,0.358,1.673,25.2,0,0,0,59.51556,1.34210526315789,58.1734547368421,0.192874692874693,8.73,39.3907003089598,0.677124996051044,15.600798,84.399202
"197",197,193,7,"No Litter","NL","C",7.5,8.2,7.5,2.6,"","",68.24,0,1.01,13.47,59.42,"",11.46,"",81.505,8.997,0.358,1.673,25.2,0,0,0,59.51556,0,59.51556,0.192344497607655,8.81999999999999,49.8345906902087,0.837337171828824,15.600798,84.399202
"198",198,193,7,"No Litter","NL","C",7.5,8.2,7.5,2.6,"","",58.76,2.55,1.65,11.36,50.03,"",11.46,"",81.505,8.997,0.358,1.673,25.2,0,0,0,59.51556,1.34210526315789,58.1734547368421,-0.0101936799184507,8.73,47.9952420185376,0.82503681852234,15.600798,84.399202
"199",199,193,7,"No Litter","NL","C",7.5,8.2,7.5,2.6,"","",68.24,0,1.01,13.47,59.42,"",9.79,"",81.505,8.997,0.358,1.673,25.2,0,0,0,59.51556,0,59.51556,0.419134396355353,8.81999999999999,41.8705939004815,0.703523480254265,15.600798,84.399202
"200",200,194,7,"No Litter","NL","C",7.5,8.2,5,2.65,"","",55.2,0,1.64,10.84,47.47,"",10.65,"",98.576,2.936,0.202,0.042,14.5,0,0,0,60.66009,0,60.66009,0.0210876803551609,7.73,46.4896413043478,0.766395851116407,5.091024,94.908976
"201",201,195,7,"No Litter","NL","C",7.5,8.2,2.5,2.55,"","",57.25,0,0.96,10.25,48.94,"",10.04,"",89.537,3.286,0.203,0.038,16.2,0,0,0,58.37103,0,58.37103,0.0231277533039649,8.31,47.8337136706136,0.819476950648525,5.697924,94.302076
"202",202,196,7,"No Litter","NL","C",7.5,8.2,0,2.7,"","",72.66,0,1.38,12.58,64.23,"",11.6,"",87.597,5.415,0.302,0.227,17.9,0,0,0,61.80462,0,61.80462,0.0958904109589042,8.42999999999999,58.609875,0.948308961368907,9.38961,90.61039
"203",203,197,13,"Double Litter","DL","C",7.8,9.6,10,5,"Lots of WOOD and roots","X",100.34,3.41,1.61,11.15,91.86,"",10.83,"",97.331,4.985,0.261,0.045,19.1,0,0,0,114.453,1.79473684210526,112.658263157895,0.03470715835141,8.48,85.3687421383648,0.757767248894272,8.64399,91.35601
"204",204,198,13,"Double Litter","DL","C",7.8,9.6,7.5,2.3,"Lots of WOOD and roots","X",46.93,2.3,1.62,9.42,38.44,"",9.18,"",95.62,6.961,0.323,0.055,21.6,0,0,0,52.64838,1.21052631578947,51.4378536842105,0.0317460317460318,8.49,34.9572307692308,0.679601271542971,12.070374,87.929626
"205",205,199,13,"Double Litter","DL","C",7.8,9.6,5,2.55,"Lots of WOOD and roots","X",39.92,1.11,1.61,12.86,31.29,"",10.15,"",96.518,10.107,0.427,0.056,23.7,0.95,2,5,58.37103,0.58421052631579,55.7868194736842,0.317330210772834,8.63,21.6925866666667,0.388847883269264,17.525538,82.474462
"206",206,200,13,"Double Litter","DL","C",7.8,9.6,0,5.001,"Lots of WOOD and roots","X",23.06,0,1.15,6.44,14.72,"mostly wood",6.23,"",84.229,26.904,0.952,0.087,28.3,0,0,0,114.4758906,0,114.4758906,0.0413385826771655,8.34,14.135652173913,0.123481478063408,46.651536,53.348464
"207",207,201,8,"Control","CTL","C",7.7,8,10,5,"","",98.84,4.95,1.45,11.93,90.4,"",11.2,"",89.282,3.251,0.199,0.042,16.3,0,0,0,114.453,2.60526315789474,111.847736842105,0.0748717948717949,8.44,79.1530534351145,0.707685784888561,5.637234,94.362766
"208",208,202,8,"Control","CTL","C",7.7,8,7.5,2.57,"","",56.01,5.44,1.62,12.21,47.45,"",11.88,"",80.895,5.77,0.294,0.05,19.6,0,0,0,58.828842,2.86315789473684,55.9656841052632,0.0321637426900583,8.56,40.531388101983,0.724218576972087,10.00518,89.99482
"209",209,203,8,"Control","CTL","C",7.7,8,5,2.4,"","",73.09,1.64,1.61,13.63,64.41,"",10.63,"",89.506,7.53,0.376,0.056,20,0,0,0,54.93744,0.863157894736842,54.0742821052632,0.332594235033259,8.68000000000001,46.6942928452579,0.863521271615977,13.05702,86.94298
"210",210,204,8,"Control","CTL","C",7.7,8,2.5,2.5,"","",47.35,2.79,1.39,10.54,38.8,"",10.25,"",96.027,6.173,0.319,0.059,19.4,0,0,0,57.2265,1.46842105263158,55.7580789473684,0.0327313769751692,8.55,34.7802732240437,0.62377101006069,10.703982,89.296018
"211",211,205,8,"Control","CTL","C",7.7,8,0,2.55,"","",49.87,2.72,1.58,10.96,40.76,"",10.71,"",85.424,5.076,0.278,0.059,18.3,0,0,0,58.37103,1.43157894736842,56.9394510526316,0.0273822562979189,9.11,36.9536460554371,0.648998987034126,8.801784,91.198216
"212",212,206,13,"Double Litter","DL","B",7.8,7.8,10,4.8,"","",97.13,0,1.4,15.02,88.65,"Heavy wood",14.02,"",89.565,4.063,0.235,0.051,17.3,0,0,0,109.87488,0,109.87488,0.0792393026941363,8.47999999999999,82.1411894273128,0.747588433564731,7.045242,92.954758
"213",213,207,13,"Double Litter","DL","B",7.8,7.8,7.5,2.48,"","",50.84,1.295,1.61,11.02,42.26,"moist soil",9.42,"",94.877,4.627,0.227,0.038,20.4,0,0,0,56.768688,0.681578947368421,56.0871090526316,0.204865556978233,8.58000000000001,33.7794527098831,0.602267673988773,8.023218,91.976782
"214",214,208,13,"Double Litter","DL","B",7.8,7.8,5,2.5,"","",40.3,0,1.61,10.42,31.71,"some wood",10.15,"",94.068,7.028,0.316,0.047,22.2,0,0,0,57.2265,0,57.2265,0.031615925058548,8.59,30.7381838819523,0.537131990982365,12.186552,87.813448
"215",215,209,13,"Double Litter","DL","B",7.8,7.8,2.5,2.6,"","",41.48,7.52,1.61,10.71,32.84,"some wood",10.36,"",98.097,5.736,0.308,0.049,18.6,0,0,0,59.51556,3.95789473684211,55.5576652631579,0.0400000000000002,8.63999999999999,24.0569230769231,0.433008172013233,9.946224,90.053776
"216",216,210,13,"Double Litter","DL","B",7.8,7.8,0,2.45,"","",71.06,5,1.38,12.94,62.5,"",10.55,"",88.793,7.138,0.338,0.047,21.1,0,0,0,56.08197,2.63157894736842,53.4503910526316,0.260632497273718,8.56,44.5782871972318,0.834012367717506,12.377292,87.622708
"217",217,211,8,"Control","CTL","B",7.8,9.6,10,5.1,"","",118.1,0,1.59,12.1,109.47,"Some charcoal",11.46,"",98.994,2.226,0.156,0.044,14.3,0,0,0,116.74206,0,116.74206,0.0648429584599796,8.63,102.803891531874,0.880607139636515,3.859884,96.140116
"218",218,212,8,"Control","CTL","B",7.8,9.6,7.5,2.35,"","",51.02,0.78,1.44,11.58,42.61,"",11.11,"",80.778,3.731,0.213,0.047,17.5,0,0,0,53.79291,0.410526315789474,53.3823836842105,0.048603929679421,8.41,39.8549802761341,0.746594241873887,6.469554,93.530446
"219",219,213,8,"Control","CTL","B",7.8,9.6,5,2.63,"","",40.94,0,1.57,10.25,32.39,"",9.83,"",98.956,8.341,0.311,0.05,26.8,1.73,2.5,7,60.202278,0,57.702278,0.0508474576271186,8.55,29.0927419354839,0.504187060612821,14.463294,85.536706
"220",220,214,8,"Control","CTL","B",7.8,9.6,2.5,2.3,"","",42.72,0,1.59,12.63,34.13,"",12.16,"",85.69,5.059,0.214,0.061,23.6,0,0,0,52.64838,0,52.64838,0.044465468306528,8.59,32.6770018115942,0.62066490576907,8.772306,91.227694
"221",221,215,8,"Control","CTL","B",7.8,9.6,0,2.52,"","",38.86,0,1.64,10.88,30.42,"",10.45,"",90.005,6.297,0.292,0.053,21.6,0,0,0,57.684312,0,57.684312,0.0488081725312147,8.44,29.0043506493506,0.50281176361002,10.918998,89.081002
"222",222,216,13,"Double Litter","DL","A",7.7,8.9,10,5.15,"Lots of wood, CHARCOAL","X",85.26,12.9,1.56,12.07,76.78,"CHARCOAL",11.65,"",95.67,7.55,0.24,0.042,31.5,1.08,2.5,4.5,117.88659,6.78947368421053,108.59711631579,0.0416253716551041,8.48,59.7317221693625,0.550030463015875,13.0917,86.9083
"223",223,217,13,"Double Litter","DL","A",7.7,8.9,7.5,2.32,"Lots of wood, CHARCOAL","X",20.27,0,1.21,4.31,15.79,"ALL WOOD",4.13,"",94.081,37.364,0.966,0.135,38.7,0,0,0,53.106192,0,53.106192,0.0616438356164383,4.48,14.8731612903226,0.280064541067501,64.789176,35.210824
"224",224,218,13,"Double Litter","DL","A",7.7,8.9,5,2.45,"Lots of wood, CHARCOAL","X",17.06,0,1.61,7.67,8.7,"LOTS OF WOOD",7.27,"",84.295,40.415,1.482,0.163,27.3,0.99,2.7,7,56.08197,0,53.38197,0.0706713780918729,8.36,7.13574257425742,0.133673271598209,70.07961,29.92039
"225",225,219,13,"Double Litter","DL","A",7.7,8.9,2.5,2.5,"Lots of wood","X",15.1,0,0.99,4.66,6.76,"Lots of wood",4.43,"",93.183,43.55,1.557,0.161,28,0,0,0,57.2265,0,57.2265,0.0668604651162792,8.34,6.33634877384196,0.110724031241505,75.5157,24.4843
"226",226,220,13,"Double Litter","DL","A",7.7,8.9,0,2.5,"Lots of wood","X",14.66,0,1.64,4,6.16,"ALL WOOD",3.84,"",82.335,40.492,1.382,0.144,29.3,0.85,2.4,5,57.2265,0,54.8265,0.0727272727272728,8.5,4.89237288135593,0.089233726051379,70.213128,29.786872
"227",227,221,8,"Control","CTL","A",7.6,8.6,10,4.97,"","",118.76,1.63,1.59,12.99,110.04,"",11.84,"",85.346,1.994,0.148,0.04,13.5,0,0,0,113.766282,0.857894736842105,112.908387263158,0.11219512195122,8.72,97.3094736842105,0.861844509898183,3.457596,96.542404
"228",228,222,8,"Control","CTL","A",7.6,8.6,7.5,2.38,"","",53.16,5.12,0.97,10.88,44.6,"",10.54,"",90.819,2.232,0.158,0.059,14.1,0,0,0,54.479628,2.69473684210526,51.7848911578947,0.0355276907001047,8.56,37.9498284561049,0.732835921975659,3.870288,96.129712
"229",229,223,8,"Control","CTL","A",7.6,8.6,5,2.6,"","",52.59,0.93,1.23,11.11,44.17,"",10.77,"",82.683,3.066,0.196,0.051,15.6,0,0,0,59.51556,0.489473684210526,59.0260863157895,0.0356394129979036,8.42,41.719979757085,0.706805793185799,5.316444,94.683556
"230",230,224,8,"Control","CTL","A",7.6,8.6,2.5,2.5,"","",42.99,2.69,1,10.27,34.52,"",9.89,"",82.611,3.446,0.194,0.049,17.8,0,0,0,57.2265,1.41578947368421,55.8107105263158,0.0427446569178851,8.47,30.4149406688242,0.544966017848545,5.975364,94.024636
"231",231,225,8,"Control","CTL","A",7.6,8.6,0,2.45,"","",56.89,1.77,1.61,10.8,48.34,"",9.95,"",95.63,6.252,0.311,0.049,20.1,0,0,0,56.08197,0.931578947368421,55.1503910526316,0.101918465227818,8.55,42.0989445048966,0.763348068823672,10.840968,89.159032
"232",232,226,10,"Double Wood","DW","A",6.7,8.5,10,5.15,"Big chunk of wood in core","X",100.64,1.28,1.61,11.27,91.88,"",10.94,"",98.563,5.248,0.189,0.039,27.8,4,10,8,117.88659,0.673684210526316,107.212905789474,0.0353697749196142,8.76000000000001,83.4612422360248,0.778462645158706,9.100032,90.899968
"233",233,227,10,"Double Wood","DW","A",6.7,8.5,7.5,2.3,"Big chunk of wood in core","X",25.34,0,1.63,9.93,16.75,"Lots of wood",9.4,"",92.997,31.657,0.707,0.085,44.8,0,0,0,52.64838,0,52.64838,0.0682110682110682,8.59,15.680421686747,0.297832937817783,54.893238,45.106762
"234",234,228,10,"Double Wood","DW","A",6.7,8.5,5,2.5,"Big chunk of wood in core","X",19.63,0,0.961,5.82,10.79,"ALL WOOD",5.48,"",88.674,45.626,1.023,0.084,44.6,0,0,0,57.2265,0,57.2265,0.0752378844877185,8.84,10.0349886807985,0.175355625117708,79.115484,20.884516
"235",235,229,10,"Double Wood","DW","A",6.7,8.5,0,5.001,"Big chunk of wood in core","X",18.98,0,1.63,9.9,10.59,"LOTS OF WOOD",9.37,"",98.27,45.94,1.19,0.183,38.6,0,0,0,114.4758906,0,114.4758906,0.0684754521963825,8.39,9.91131801692866,0.0865799598935695,79.65996,20.34004
"236",236,230,12,"Control","CTL","B",6.5,8.3,10,5.1,"ALL WOOD","X",29.29,0,1.63,3.97,20.73,"ALL WOOD",3.82,"",92.992,35.559,0.485,0.065,73.3,0,0,0,116.74206,0,116.74206,0.0684931506849317,8.56,19.4011538461538,0.166188208826826,61.659306,38.340694
"237",237,231,12,"Control","CTL","B",6.5,8.3,7.5,2.3,"ALL WOOD","X",15.16,0,1.31,2.51,6.59,"ALL WOOD",2.45,"",97.727,44.571,0.397,0.06,112.3,0,0,0,52.64838,0,52.64838,0.0526315789473681,8.57,6.2605,0.118911541057864,77.286114,22.713886
"238",238,232,12,"Control","CTL","B",6.5,8.3,5,2.6,"ALL WOOD","X",15.28,0,1.44,2.88,6.7,"ALL WOOD",2.76,"",86.314,43.094,0.418,0.123,103.1,0,0,0,59.51556,0,59.51556,0.090909090909091,8.58,6.14166666666667,0.10319430190469,74.724996,25.275004
"239",239,233,12,"Control","CTL","B",6.5,8.3,0,5.001,"ALL WOOD","X",24.36,0,1.64,5.99,15.92,"ALL WOOD",5.76,"",83.353,42.711,0.532,0.072,80.3,0,0,0,114.4758906,0,114.4758906,0.0558252427184467,8.44,15.0782528735632,0.13171553236698,74.060874,25.939126
"240",240,234,11,"No Litter","NL","A",6.5,6.9,10,5.05,"","",117.1,0,1.64,11.75,108.59,"",11.48,"",96.06,2.25,0.18,0.066,12.5,0,0,0,115.59753,0,115.59753,0.0274390243902439,8.50999999999999,105.68997032641,0.914292635200852,3.9015,96.0985
"241",241,235,11,"No Litter","NL","A",6.5,6.9,7.5,2.45,"","",55.26,0,1.58,12.44,46.8,"",12.07,"",82.906,2.971,0.188,0.047,15.8,0,0,0,56.08197,0,56.08197,0.0352716873212583,8.46,45.2055248618785,0.806061642661241,5.151714,94.848286
"242",242,236,11,"No Litter","NL","A",6.5,6.9,5,2.5,"","",55.35,0,1.39,11.84,46.9,"",11.21,"",90.591,3.742,0.199,0.087,18.8,0,0,0,57.2265,0,57.2265,0.0641547861507127,8.45,44.0725358851675,0.770142082517146,6.488628,93.511372
"243",243,237,11,"No Litter","NL","A",6.5,6.9,2.5,2.3,"","",34.92,0,1.64,11.59,26.34,"",10.96,"",88.178,6.42,0.28,0.055,22.9,0,0,0,52.64838,0,52.64838,0.067596566523605,8.58,24.6722412060302,0.468622989083997,11.13228,88.86772
"244",244,238,11,"No Litter","NL","A",6.5,6.9,0,2.65,"","",59.59,0,1.43,10.92,51.02,"",10.36,"",84.581,8.7,0.261,0.048,33.3,0,0,0,60.66009,0,60.66009,0.0627099664053752,8.57,48.0093361433087,0.791448481914695,15.0858,84.9142
"245",245,239,11,"No Litter","NL","C",7.7,7.7,10,5.3,"","",112.39,0,1.41,13.31,103.01,"",12.12,"",92.473,2.987,0.169,0.041,17.7,2.16,3.8,8,121.32018,0,117.52018,0.111111111111111,9.38,90.549,0.770497458393954,5.179458,94.820542
"246",246,240,11,"No Litter","NL","C",7.7,7.7,7.5,2.3,"","",38.25,0,1.62,10.72,29.8,"",10.38,"",85.292,5.563,0.21,0.091,26.5,0,0,0,52.64838,0,52.64838,0.0388127853881278,8.45,28.6865934065934,0.544871340895834,9.646242,90.353758
"247",247,241,11,"No Litter","NL","C",7.7,7.7,5,2.2,"Change in soil texture, sandier than below","X",42.17,0.89,1.4,12.52,33.68,"",11.92,"",91.085,1.684,0.075,0.032,22.5,0,0,0,50.35932,0.468421052631579,49.8908989473684,0.0570342205323194,8.49,30.9727338129496,0.620809295210812,2.920056,97.079944
"248",248,242,11,"No Litter","NL","C",7.7,7.7,2.5,2.4,"Change in soil texture, sandier than below","X",56.39,1.79,0.97,14.29,46.09,"SMALL ROCKS",13.66,"",95.189,1.11,0.09,0.039,12.3,0,0,0,54.93744,0.942105263157895,53.9953347368421,0.0496453900709219,10.3,42.1200675675676,0.780068644316195,1.92474,98.07526
"249",249,243,11,"No Litter","NL","C",7.7,7.7,0,2.7,"Change in soil texture, sandier than below","X",105.34,3.68,1.45,12.58,96.58,"lots of little rocks",12.01,"",93.249,1.406,0.072,0.032,19.5,0,0,0,61.80462,1.93684210526316,59.8677778947369,0.0539772727272727,8.76000000000001,87.9538544474393,1.46913510974276,2.438004,97.561996
"250",250,244,11,"No Litter","NL","B",6.7,7.5,10,4.8001,"Cutting blade bent, swirl cut","",95.62,0,1.38,12.5,87.04,"",11.95,"",99.005,1.59,0.122,0.056,13,0,0,0,109.87716906,0,109.87716906,0.0520340586565753,8.58,82.734964028777,0.752976844385191,2.75706,97.24294
"251",251,245,11,"No Litter","NL","B",6.7,7.5,7.5,2.6,"Cutting blade bent, swirl cut","",64.45,0,1.58,12.08,55.97,"",11.15,"",84.155,2.34,0.18,0.054,13,0,0,0,59.51556,0,59.51556,0.0971786833855799,8.48,51.0126571428571,0.857131431559362,4.05756,95.94244
"252",252,246,11,"No Litter","NL","B",6.7,7.5,5,2.3,"Cutting blade bent, swirl cut","",52.22,0,0.97,13.29,43.46,"",12.56,"",97.352,2.778,0.178,0.034,15.6,0,0,0,52.64838,0,52.64838,0.0629853321829162,8.76,40.8848538961039,0.776564329160819,4.817052,95.182948
"253",253,247,11,"No Litter","NL","B",6.7,7.5,2.5,2.6,"Cutting blade bent, swirl cut","",53.04,0,1.63,13.45,44.33,"",12.88,"",83.336,3.387,0.188,0.045,18,0,0,0,59.51556,0,59.51556,0.0506666666666667,8.71,42.1922588832487,0.708928201015814,5.873058,94.126942
"254",254,248,11,"No Litter","NL","B",6.7,7.5,0,2.9001,"Cutting blade bent, swirl cut","",65.85,2.14,1.4,15.76,57.26,"",14.95,"",99.175,6.148,0.222,0.037,27.7,0,0,0,66.38502906,1.12631578947368,65.2587132705263,0.0597785977859779,8.59,51.8901532033426,0.795145209011935,10.660632,89.339368
"255",255,249,10,"Double Wood","DW","C",4.5,4.5,10,5.02,"","",157.12,1.028,1.58,13.09,147.65,"moist soil",10.07,"",80.43,1.373,0.183,0.053,7.5,0,0,0,114.910812,0.541052631578947,114.369759368421,0.355712603062426,9.47,107.881513466551,0.943269567605108,2.380782,97.619218
"256",256,250,10,"Double Wood","DW","C",4.5,4.5,7.5,2.6,"","",77.55,0,1.66,14.16,68.47,"moist soil",10.99,"",96.234,1.811,0.111,0.03,16.3,0,0,0,59.51556,0,59.51556,0.339764201500536,9.08,51.106008,0.858699943342547,3.140274,96.859726
"257",257,251,10,"Double Wood","DW","C",4.5,4.5,5,2.4,"","",68.38,0,1.61,11.75,59.86,"",9.05,"",95.1,2.338,0.142,0.031,16.5,0,0,0,54.93744,0,54.93744,0.362903225806452,8.52,43.9209467455621,0.799472031196978,4.054092,95.945908
"258",258,252,10,"Double Wood","DW","C",4.5,4.5,2.5,2.2,"","",46.73,0,1.21,11.26,38.25,"",8.3,"",84.451,4.421,0.225,0.07,19.6,0,0,0,50.35932,0,50.35932,0.417489421720733,8.48,26.984328358209,0.535835836508693,7.666014,92.333986
"259",259,253,10,"Double Wood","DW","C",4.5,4.5,0,2.65,"","",39.61,0,1.37,10.42,31.02,"ALL WOOD",5.88,"",83.139,35.4,0.87,0.142,40.7,0,0,0,60.66009,0,60.66009,1.00665188470067,8.59,15.4585856353591,0.254839477411905,61.3836,38.6164
"260",260,254,16,"Double Wood","DW","C",7.8,8.8,10,5.15,"","",115.31,26.09,1.12,10.43,106.43,"",8.25,"",91.204,3.26,0.22,0.047,14.8,0,0,0,117.88659,13.7315789473684,104.155011052632,0.305750350631136,8.88,55.4186895810956,0.532078956365253,5.65284,94.34716
"261",261,255,16,"Double Wood","DW","C",7.8,8.8,7.5,2.5,"","",61.03,7.6,1.65,12.78,52.34,"",10.33,"",80.34,3.39,0.215,0.132,15.8,0,0,0,57.2265,4,53.2265,0.282258064516129,8.69,33.2186163522013,0.624099205324439,5.87826,94.12174
"262",262,256,16,"Double Wood","DW","C",7.8,8.8,5,2.5,"","",55.01,4.99,1.62,11.06,46.5,"",9.07,"",84.63,3.948,0.216,0.042,18.3,0,0,0,57.2265,2.62631578947368,54.6001842105263,0.267114093959732,8.51,31.707563559322,0.580722648060392,6.845832,93.154168
"263",263,257,16,"Double Wood","DW","C",7.8,8.8,0,5.001,"","",107.21,11.64,1.62,11.78,98.41,"Some wood",9.23,"",84.123,7.258,0.304,0.049,23.9,0,0,0,114.4758906,6.12631578947368,108.349574810526,0.335085413929041,8.8,62.0706397637795,0.572873865654979,12.585372,87.414628
"264",264,258,12,"Control","CTL","C",6.6,7.8,10,5.4,"Lots of thick, clay","",169.68,0,1.63,12.44,160.95,"THICK CLAY",9.38,"",94.662,0.881,0.066,0.027,13.3,0,0,0,123.60924,0,123.60924,0.394838709677419,8.73000000000002,115.389685476411,0.933503720890208,1.527654,98.472346
"265",265,259,12,"Control","CTL","C",6.6,7.8,7.5,2.4,"","",60.15,0,0.98,11.17,51.85,"Light roots",10.31,"",93.738,1.524,0.09,0.032,16.9,0,0,0,54.93744,0,54.93744,0.0921757770632368,8.3,47.4740431795878,0.864147349777999,2.642616,97.357384
"266",266,260,12,"Control","CTL","C",6.6,7.8,5,2.5,"","",49.64,0,1.62,13.18,41.29,"Light charcoal",12.4,"",80.895,1.488,0.112,0.04,13.3,0,0,0,57.2265,0,57.2265,0.0723562152133578,8.35,38.5039965397924,0.672835077102258,2.580192,97.419808
"267",267,261,12,"Control","CTL","C",6.6,7.8,2.5,2.65,"","",32.7,0,1.6,13.15,24.39,"",12.39,"",87.613,2.552,0.128,0.036,19.9,0,0,0,60.66009,0,60.66009,0.0704355885078776,8.31,22.7851168831169,0.375619569359638,4.425168,95.574832
"268",268,262,12,"Control","CTL","C",6.6,7.8,0,2.4,"","",52.09,0,1.13,13.3,43.72,"",11.59,"",98.656,4.04,0.22,0.048,18.4,0,0,0,54.93744,0,54.93744,0.163479923518165,8.37,37.5769268693509,0.683994865238549,7.00536,92.99464
"269",269,263,12,"Control","CTL","A",6.6,9.8,10,4.85,"","",122.07,0,1,13.25,113.62,"",11.69,"",92.684,4.369,0.219,0.043,19.9,0,0,0,111.01941,0,111.01941,0.145930776426567,8.44999999999999,99.1508408163265,0.893094647290294,7.575846,92.424154
"270",270,264,12,"Control","CTL","A",6.6,9.8,7.5,2.5,"","",43.52,0,1.17,8.38,35.22,"Some wood",7.78,"",94.239,11.017,0.341,0.049,32.3,1,1.1,4,57.2265,0,56.1265,0.0907715582450833,8.3,31.2890707350901,0.55747411178481,19.103478,80.896522
"271",271,265,12,"Control","CTL","A",6.6,9.8,5,2.7,"","",62.63,0,1.4,13.91,54.2,"THICK CLAY",9.28,"",93.403,6.686,0.252,0.041,26.5,1.69,2.3,4,61.80462,0,59.50462,0.58756345177665,8.43,32.4503677058353,0.545341986989167,11.593524,88.406476
"272",272,266,12,"Control","CTL","A",6.6,9.8,0,4.3,"","",33.66,0,1.62,7.08,25.26,"light wood, small < 2mm",6.85,"",96.313,10.814,0.346,0.048,31.3,0,0,0,98.42958,0,98.42958,0.0439770554493309,8.4,24.1959340659341,0.245819743068436,18.751476,81.248524
"273",273,267,10,"Double Wood","DW","B",7.65,9.7,10,4.5,"","",111,0,1.15,11.23,102.25,"heavy wood and charcoal",9.05,"",82.802,5.481,0.242,0.047,22.6,0,0,0,103.0077,0,103.0077,0.275949367088608,8.75,80.1364087301587,0.77796522716417,9.504054,90.495946
"274",274,268,10,"Double Wood","DW","B",7.65,9.7,7.5,2.4,"","",23.53,0,1.63,7.34,15.12,"heavy wood",6.97,"",94.786,28.82,0.84,0.11,34.3,1.26,2.3,4,54.93744,0,52.63744,0.0692883895131086,8.41,12.8802451838879,0.244697408990405,49.97388,50.02612
"275",275,269,10,"Double Wood","DW","B",7.65,9.7,5,2.3,"","",22.6,0,1.63,8.81,14.38,"Mostly wood, some charcoal",8.43,"",87.783,31.876,0.865,0.094,36.9,1.01,2.5,5,52.64838,0,50.14838,0.0558823529411766,8.22,12.6089415041783,0.251432678466947,55.272984,44.727016
"276",276,270,10,"Double Wood","DW","B",7.65,9.7,0,4.8001,"","",24.92,0,1.63,6.77,16.65,"ALL WOOD",6.33,"",98.324,41.666,0.865,0.086,48.2,0,0,0,109.87716906,0,109.87716906,0.0936170212765956,8.27,15.2247081712062,0.138561161535683,72.248844,27.751156
"277",277,271,16,"Double Wood","DW","B",7.9,9.1,10,4.7,"","",109.26,8.33,1,13,100.34,"",11.45,"",97.029,4.118,0.209,0.042,19.7,0,0,0,107.58582,4.38421052631579,103.201609473684,0.148325358851675,8.92,79.0494166666667,0.765970773806815,7.140612,92.859388
"278",278,272,16,"Double Wood","DW","B",7.9,9.1,7.5,2.35,"","",47.74,8.43,1.62,11.35,39.32,"heavy charcoal, some rocks, some roots",11.01,"",93.36,7.55,0.3,0.052,25.2,0.18,1,2,53.79291,4.43684210526316,48.3560678947369,0.0362087326943557,8.42,29.336022610483,0.606666833919224,13.0917,86.9083
"279",279,273,16,"Double Wood","DW","B",7.9,9.1,5,2.4,"","",21.24,1.74,1.64,6.56,12.97,"Mostly wood w/ fungus",6.33,"",84.542,24.165,0.758,0.228,31.9,0,0,0,54.93744,0.915789473684211,54.0216505263158,0.0490405117270788,8.27,10.6236788617886,0.196655947352321,41.90211,58.09789
"280",280,274,16,"Double Wood","DW","B",7.9,9.1,0,5.001,"","",27.11,0,1.58,4.39,18.74,"ALL WOOD",3.86,"",94.348,46.374,1.171,0.127,39.6,0,0,0,114.4758906,0,114.4758906,0.232456140350877,8.37,15.205409252669,0.132826302315477,80.412516,19.587484
"281",281,275,9,"No OA","NOA","B",5.2,5.1,10,4.5,"Big rock in 10-15cm","",114.79,41.82,1.6,11.1,106.29,"Huge rock",9.05,"",85.827,0.702,0.073,0.024,9.6,0,0,0,103.0077,22.0105263157895,80.9971736842106,0.275167785234899,8.5,41.5337368421053,0.512780075562091,1.217268,98.782732
"282",282,276,9,"No OA","NOA","B",5.2,5.1,7.5,2.25,"","",67.21,9.65,1.15,10.71,58.71,"",8.54,"",93.986,0.99,0.1,0.09,9.9,0,0,0,51.50385,5.07894736842105,46.424902631579,0.293640054127199,8.49999999999999,35.7335669456067,0.769706879714598,1.71666,98.28334
"283",283,277,9,"No OA","NOA","B",5.2,5.1,5,2.05,"","",58.26,8.03,1,11.33,49.76,"",9.14,"",NA,NA,NA,NA,NA,0,0,0,46.92573,4.22631578947368,42.6994142105263,0.269041769041769,8.5,31.1806873184898,0.730236887203083,NA,NA
"284",284,278,9,"No OA","NOA","B",5.2,5.1,2.5,2.5,"","",92.14,11.48,1.62,12.7,83.64,"",10.15,"",99.211,1.32,0.1,0.07,13.2,0,0,0,57.2265,6.04210526315789,51.1843947368421,0.2989449003517,8.5,52.9107220216607,1.03372760962974,2.28888,97.71112
"285",285,279,9,"No OA","NOA","B",5.2,5.1,0,2.3,"","",119.74,0,1.63,12.37,111.24,"",10.1,"",96.881,1.98,0.13,0.071,15.2,0,0,0,52.64838,0,52.64838,0.268004722550177,8.5,87.7283798882682,1.66630729926102,3.43332,96.56668
"286",286,280,9,"No OA","NOA","C",6.6,7.1,10,4.9,"Charcoal, roots, clay, rock","",172.34,0,1.21,12.31,163.84,"",9.06,"",96.705,1.004,0.089,0.029,11.3,0,0,0,112.16394,0,112.16394,0.414012738853503,8.5,115.868828828829,1.03303101539433,1.740936,98.259064
"287",287,281,9,"No OA","NOA","C",6.6,7.1,7.5,2.1,"Charcoal, roots, clay, rock","",38.69,0,1.56,10.97,30.19,"Wood",9.05,"",97.496,1.46,0.11,0.076,13.3,0,0,0,48.07026,0,48.07026,0.256341789052069,8.5,24.0300850159405,0.499895049786302,2.53164,97.46836
"288",288,282,9,"No OA","NOA","C",6.6,7.1,5,2.9,"Charcoal, roots, clay, rock","",65.78,14.46,1.13,11.17,57.28,"Large rock",8.46,"",83.873,1.753,0.118,0.028,14.9,0,0,0,66.38274,7.61052631578947,58.7722136842105,0.369713506139154,8.5,27.3589641434263,0.465508484850154,3.039702,96.960298
"289",289,283,9,"No OA","NOA","C",6.6,7.1,2.5,2.4,"Charcoal, roots, clay, rock","",49.84,14.68,1.62,11.41,41.34,"",8.04,"",NA,NA,NA,NA,NA,0,0,0,54.93744,7.72631578947368,47.2111242105263,0.524922118380062,8.5,12.4295812053115,0.263276535205663,NA,NA
"290",290,284,9,"No OA","NOA","C",6.6,7.1,0,2.6,"Charcoal, roots, clay, rock","",160.19,11.21,1.64,13.07,151.69,"",10.1,"",92.896,1.437,0.102,0.032,14.1,0,0,0,59.51556,5.9,53.61556,0.351063829787234,8.5,101.064488188976,1.88498428793761,2.491758,97.508242
"291",291,285,18,"No OA","NOA","C",7,7,10,5.4,"","",160.95,5.89,1.64,11.29,152.45,"",8.63,"",82.61,1.28,0.12,0.075,10.7,0,0,0,123.60924,3.1,120.50924,0.380543633762517,8.5,104.537512953368,0.867464710202868,2.21952,97.78048
"292",292,286,18,"No OA","NOA","C",7,7,7.5,2.2,"","",85.49,8.35,1.12,10.25,76.99,"",7.86,"",97.415,1.64,0.15,1.17,10.9,0,0,0,50.35932,4.39473684210526,45.9645831578948,0.35459940652819,8.5,48.485991237678,1.05485545405953,2.84376,97.15624
"293",293,287,18,"No OA","NOA","C",7,7,5,2.4,"","",51.85,11.5,1.13,10.47,43.35,"Big rocks",8.96,"",92.758,1.69,0.12,0.068,14.1,0,0,0,54.93744,6.05263157894737,48.8848084210526,0.192848020434227,8.5,24.8415952890792,0.508165953625401,2.93046,97.06954
"294",294,288,18,"No OA","NOA","C",7,7,2.5,2.5,"","",66.69,2.74,1.63,9.37,58.19,"",7.66,"",83.114,1.54,0.14,0.075,11,0,0,0,57.2265,1.4421052631579,55.7843947368421,0.283582089552239,8.5,42.5940697674419,0.763548120731175,2.67036,97.32964
"295",295,289,18,"No OA","NOA","C",7,7,0,2.5,"","",108.43,6.23,1.63,10.46,99.93,"",8.195,"",95.018,2.12,0.16,0.072,13.3,0,0,0,57.2265,3.27894736842105,53.947552631579,0.345011424219345,8.5,68.0667667044168,1.26172112327804,3.67608,96.32392
"296",296,290,18,"No OA","NOA","A",6.6,6.5,10,5.5,"","",169.45,7.15,1.63,11.83,160.95,"",8.89,"",98.449,0.79,0.09,0.069,8.8,0,0,0,125.8983,3.76315789473684,122.135142105263,0.40495867768595,8.5,107.408529411765,0.879423625013625,1.36986,98.63014
"297",297,291,18,"No OA","NOA","A",6.6,6.5,7.5,2,"","",82,8.63,1.59,12.17,73.5,"",9.16,"",80.548,0.78,0.09,0.078,8.7,0,0,0,45.7812,4.5421052631579,41.2390947368421,0.397622192866579,8.5,43.9593194706994,1.06596228048205,1.35252,98.64748
"298",298,292,18,"No OA","NOA","A",6.6,6.5,5,2.6,"","",88.24,4.63,1.13,10.08,79.74,"",7.62,"",95.555,0.91,0.09,0.074,10.1,0,0,0,59.51556,2.43684210526316,57.0787178947369,0.37904468412943,8.5,53.1926368715084,0.931917163409397,1.57794,98.42206
"299",299,293,18,"No OA","NOA","A",6.6,6.5,2.5,2.75,"","",96.32,3.39,1.62,9.91,87.82,"",7.93,"",90.739,0.92,0.11,2.77,8.4,0,0,0,62.94915,1.78421052631579,61.1649394736842,0.31378763866878,8.5,63.4548974668275,1.03743906252255,1.59528,98.40472
"300",300,294,18,"No OA","NOA","A",6.6,6.5,0,1.8,"","",71.49,0,0.98,10.33,62.99,"",7.38,"",93.043,3,0.19,1.528,15.8,0,0,0,41.20308,0,41.20308,0.4609375,8.49999999999999,43.1161497326203,1.04643026037423,5.202,94.798
"301",301,295,9,"No OA","NOA","A",6.8,6.4,10,4.8,"","",156.37,5.03,1.62,11.81,147.87,"",9.05,"",96.842,1.14,0.11,2.105,10.4,0,0,0,109.87488,2.64736842105263,107.227511578947,0.371467025572005,8.5,102.788851815505,0.958605215228053,1.97676,98.02324
"302",302,296,9,"No OA","NOA","A",6.8,6.4,7.5,2.6,"","",75.72,0,1.61,13.98,67.22,"",10.61,"",96.02,1.24,0.1,0.067,12.4,0,0,0,59.51556,0,59.51556,0.374444444444445,8.5,48.9070331447049,0.821752045090476,2.15016,97.84984
"303",303,297,9,"No OA","NOA","A",6.8,6.4,5,2.3,"","",61.72,0,1.58,10.19,53.22,"",7.96,"",84.11,1.077,0.089,0.036,12.1,0,0,0,52.64838,0,52.64838,0.349529780564263,8.5,39.4359581881533,0.749044095718678,1.867518,98.132482
"304",304,298,9,"No OA","NOA","A",6.8,6.4,2.5,2.4,"","",56.75,0,1.22,11.02,48.25,"",8.67,"",96.342,1.038,0.076,0.031,13.7,0,0,0,54.93744,0,54.93744,0.315436241610738,8.5,36.6798469387755,0.66766574741698,1.799892,98.200108
"305",305,299,9,"No OA","NOA","A",6.8,6.4,0,2.5,"","",110.82,0,1.22,12.24,102.32,"",9.82,"",90.608,1.506,0.109,0.028,13.8,0,0,0,57.2265,0,57.2265,0.281395348837209,8.5,79.8504537205082,1.39534051043674,2.611404,97.388596
"306",306,300,18,"No OA","NOA","B",6.9,7.4,10,5,"","",130.06,11.35,1.59,12.04,121.56,"some wood",8.94,"",87.189,1.402,0.107,0.029,13.1,0,0,0,114.453,5.97368421052632,108.479315789474,0.421768707482993,8.5,74.1491387559809,0.683532507707575,2.431068,97.568932
"307",307,301,18,"No OA","NOA","B",6.9,7.4,7.5,2.55,"","",75.57,0,1.62,12.65,67.07,"",9.58,"",94.567,1.22,0.11,0.08,11.1,0,0,0,58.37103,0,58.37103,0.385678391959799,8.5,48.4022846781505,0.829217587528445,2.11548,97.88452
"308",308,302,18,"No OA","NOA","B",6.9,7.4,5,2.5,"","",59.44,0,1.23,10.04,50.94,"",7.88,"",94.587,1.23,0.11,0.092,11.2,0,0,0,57.2265,0,57.2265,0.324812030075188,8.5,38.4507377979569,0.671904411382085,2.13282,97.86718
"309",309,303,18,"No OA","NOA","B",6.9,7.4,2.5,2.4,"","",66.09,4.26,1.45,11.4,57.59,"",8.62,"",86.876,1.41,0.12,0.074,11.8,0,0,0,54.93744,2.24210526315789,52.6953347368421,0.387726638772664,8.5,37.2395276381909,0.706694963115109,2.44494,97.55506
"310",310,304,18,"No OA","NOA","B",6.9,7.4,0,2,"","",98.51,5.33,1.62,9.42,90.01,"",7.49,"",82.915,1.7,0.112,0.03,15.2,0,0,0,45.7812,2.80526315789474,42.9759368421053,0.328790459965928,8.5,62.4082948717949,1.45216834018266,2.9478,97.0522
