,DNP,Plot,Treatment,Trt,Rep,ToLine,ToSoil,Depth,CoreHt,Enotes,Flag,BagSampWt,RockWt,TinWt,WetSampTinWt,TotWetSampWt,Snotes,DryTinWt,TNotes,CNWeight,C,N,S,CN,WoodWt,WoodVol,WoodVolEst
1,1,15,No OA,NOA,B,NA,NA,10,5.1,,,114.41,26.61,1.62,12.46,105.48,,12.15,,96.156,1.74,0.11,0.036,15.8,0,0,0
2,2,15,No OA,NOA,B,NA,NA,7.5,2.3,,,50.53,8.56,1.22,12.71,41.69,,12.43,,91.96,1.83,0.11,0.065,16.6,0,0,0
3,3,15,No OA,NOA,B,NA,NA,5,2.4,,,57.41,11.42,1.13,10.69,48.53,,10.43,,84.439,1.77,0.11,0.042,16.1,0,0,0
4,4,15,No OA,NOA,B,NA,NA,0,5.001,,,99.8,14.86,1.15,12.07,91.15,,11.27,,89.981,2.14,0.12,0.078,17.8,0,0,0
5,5,19,No Input,NI,A,7.7,7.4,10,5.15,,,122.83,1.71,1.62,14.38,114.15,,14.15,,94.412,1.84,0.14,0.038,13.1,0,0,0
6,6,19,No Input,NI,A,7.7,7.4,7.5,2.45,,,58.95,0.829,1.63,11.95,50.18,,11.61,,92.174,2.268,NA,0.562,NA,0,0,0
7,7,19,No Input,NI,A,7.7,7.4,5,2.4,,,48.03,1.19,1.57,10.32,38.66,,10.04,,97.782,2.88,0.21,2.206,13.7,0,0,0
8,8,19,No Input,NI,A,7.7,7.4,2.5,2.4,,,50.43,0.97,1.15,11.58,41.59,,11.22,,101.045,3.69,0.19,0.04,19.4,0,0,0
9,9,19,No Input,NI,A,7.7,7.4,0,2.6,,,75.99,4.62,1.17,11.99,67.28,,11.56,,97.89,6.61,0.25,0.058,26.4,0,0,0
10,10,16,Double Wood,DW,A,6.8,7.1,10,5,,,104,10.5,1,10.48,95.28,,10.03,,90.533,2.28,0.15,0.043,15.2,0,0,0
11,11,16,Double Wood,DW,A,6.8,7.1,7.5,2.43,,,47.01,7.83,1.15,10.92,38.33,,10.57,,93.389,3.21,0.18,2.818,17.8,0,0,0
12,12,16,Double Wood,DW,A,6.8,7.1,5,2.5,,,49.37,3.17,1.13,9.11,40.7,,8.84,,84.646,3.99,0.2,0.067,20,0.63,1.6,2
13,13,16,Double Wood,DW,A,6.8,7.1,2.5,2.5,,,43.85,5.98,1.13,11.9,35,,11.48,,83.851,5.08,0.23,0.072,22.1,0,0,0
14,14,16,Double Wood,DW,A,6.8,7.1,0,2.5,,,56.48,15.77,1.15,9.65,47.67,,9.29,,83.288,10.16,0.37,0.078,27.5,0,0,0
15,15,2,Double Litter,DL,B,6.7,6.8,10,4.92,,,114.64,0,1,13.27,106.16,,12.49,,82.045,2.84,0.18,0.045,15.8,0,0,0
16,16,2,Double Litter,DL,B,6.7,6.8,7.5,2.5,,,54.2,2.68,1.12,11.98,45.65,,11.69,,92.471,2.9,0.18,0.041,16.1,0,0,0
17,17,2,Double Litter,DL,B,6.7,6.8,5,2.57,,,53.65,2.71,1.15,10.82,44.85,,10.54,,93.852,3.47,0.19,0.042,18.3,0,0,0
18,18,2,Double Litter,DL,B,6.7,6.8,2.5,2.51,,,43.09,0,1.62,10.48,33.03,,10.19,,97.687,4.15,0.25,0.086,16.6,0.53,1.5,4
19,19,2,Double Litter,DL,B,6.7,6.8,0,2.4,,,64.72,1.7,1.6,10.72,55.81,,9.84,,87.03,8.01,0.33,0.982,24.3,0,0,0
20,20,15,No OA,NOA,A,6.7,8.4,10,5.1,Big chunk of wood in core,X,124.22,31.89,1.16,10.02,115.39,,9.48,,87.615,1.42,0.09,0.047,15.8,12.95,14,22
21,21,15,No OA,NOA,A,6.7,8.4,7.5,2.25,,,46,7.2,1.14,12.45,37.48,,12.15,,86.932,1.78,0.1,0.039,17.8,0,0,0
22,22,15,No OA,NOA,A,6.7,8.4,5,2.75,"Spilled, weight NOT accurate",X,58.47,10.26,1.62,10.89,49.67,,10.46,,97.727,1.84,0.1,0.039,18.4,0,0,0
23,23,15,No OA,NOA,A,6.7,8.4,0,5.001,,,94.8,11.63,1.45,13.45,85.95,,12.33,,97.682,2.39,0.12,0.05,19.9,0,0,0
24,24,2,Double Litter,DL,C,6.9,6.9,10,4.97,,,117.49,1.76,1.4,13.03,108.33,,10.76,,86.992,2.66,0.16,1.744,16.6,0.36,1,3
25,25,2,Double Litter,DL,C,6.9,6.9,7.5,2.24,,,48.04,0,0.96,10.6,39.37,,9.88,,97.504,3.91,0.19,0.059,20.6,0.8,2,5.5
26,26,2,Double Litter,DL,C,6.9,6.9,5,2.7,,,54.87,0,0.98,11.47,46.21,,10.64,,81.974,3.65,0.19,0.062,19.2,0.34,1.5,2.5
27,27,2,Double Litter,DL,C,6.9,6.9,2.5,2.25,,,47.61,0,1.45,10,38.95,,9.59,,96.322,4.22,0.19,0.061,22.2,0,0,0
28,28,2,Double Litter,DL,C,6.9,6.9,0,2.7,,,89.32,2.19,1.12,10.52,80.57,,9.46,,89.153,4.95,0.22,0.049,22.5,0,0,0
29,29,19,No Input,NI,C,6.6,6.15,10,4.85,"Spilled, weight NOT accurate, surface of core was decaying burnt log",X,117.85,2.63,1.61,10.196,109.12,,9.45,,91.433,2.64,0.17,0.04,15.5,0,0,0
30,30,19,No Input,NI,C,6.6,6.15,7.5,2.52,Surface of core was decaying burnt log,X,58.38,0,1,12.18,49.45,,11.45,,85.665,3.38,0.18,0.043,18.8,0,0,0
31,31,19,No Input,NI,C,6.6,6.15,5,2.4,Surface of core was decaying burnt log,X,51.68,0,1.39,11.35,42.84,,10.76,,92.694,4.25,0.19,0.038,22.4,0,0,0
32,32,19,No Input,NI,C,6.6,6.15,2.5,2.75,Surface of core was decaying burnt log,X,47.03,0,1.14,9.71,38.28,,9.28,,92.57,6.77,0.25,0.059,27.1,0,0,0
33,33,19,No Input,NI,C,6.6,6.15,0,2.6,Surface of core was decaying burnt log,X,45.49,0,0.96,9.6,36.62,,7.08,,89.841,31.78,0.57,0.078,55.8,0,0,0
34,34,15,No OA,NOA,C,6.7,7.1,10,5.1,Wonky extraction,X,115.8,8.12,1,12.11,107.07,,10.95,,94.698,1.18,0.08,0.042,14.8,0.22,0.9,1.5
35,35,15,No OA,NOA,C,6.7,7.1,7.5,2.4,Wonky extraction,X,60.27,14.41,1.13,10.62,51.55,,10.16,,94.152,1.24,0.08,0.043,15.5,0.43,1,2
36,36,15,No OA,NOA,C,6.7,7.1,5,2.45,Wonky extraction,X,47.92,8.08,1.62,12.46,38.96,,11.97,,91.889,1.32,0.09,0.042,14.7,0.5,2,2.5
37,37,15,No OA,NOA,C,6.7,7.1,2.5,2.45,Wonky extraction,X,46.15,3.62,1.62,13.33,36.84,,13.06,,98.971,1.32,0.09,0.048,14.7,0,0,0
38,38,15,No OA,NOA,C,6.7,7.1,0,2.7,Wonky extraction,X,78.12,7.29,1.63,13.67,68.93,,13.35,,92.045,1.89,0.12,0.04,15.8,0,0,0
39,39,3,No Litter,NL,B,7.5,8.4,10,5,,,111.44,12.62,1.61,12.08,102.57,,11.28,,103.661,2.23,0.13,0.2,17.2,0.4,1.2,2
40,40,3,No Litter,NL,B,7.5,8.4,7.5,2.48,,,53.75,8.03,1.62,10.91,45.05,,10.64,,90.876,2.622,0.164,0.642,16,0,0,0
41,41,3,No Litter,NL,B,7.5,8.4,5,2.4,,,50.78,2.56,1.62,10.44,41.99,,10.07,,97.527,3.09,0.16,0.04,19.3,0,0,0
42,42,3,No Litter,NL,B,7.5,8.4,2.5,2.3,,,46.72,4.76,1.64,10.31,38.04,,9.93,,91.715,3.99,0.18,0.043,22.2,0,0,0
43,43,3,No Litter,NL,B,7.5,8.4,0,2.9,Mossy top,,57.28,14.1,1.58,8.85,47.91,,8.63,,83.225,14.59,0.47,0.078,31,0,0,0
44,44,19,No Input,NI,B,6.9,7.3,10,5.07,,,116.56,4.08,1.63,12.76,107.76,,11.65,,91.316,2.71,0.17,0.04,15.9,0.25,0.5,2
45,45,19,No Input,NI,B,6.9,7.3,7.5,2.35,,,56.95,0,1.63,11.42,48.28,,10.97,,99.565,3.19,0.17,0.038,18.8,0,0,0
46,46,19,No Input,NI,B,6.9,7.3,5,2.52,,,37.24,0.6,1.62,9.95,28.68,,9.71,,84.61,6.89,0.3,0.093,23,1.39,3.1,5
47,47,19,No Input,NI,B,6.9,7.3,2.5,2.35,,,48.42,1.81,1.63,11.53,39.61,,11.2,,90.129,5.56,0.27,0.048,20.6,0,0,0
48,48,19,No Input,NI,B,6.9,7.3,0,2.7,,,72.43,3.06,1.63,10.93,63.63,,10.33,,90.635,6.41,0.25,0.124,25.6,0,0,0
49,49,2,Double Litter,DL,A,6.8,7.2,10,5.1,,,125.44,26.25,1.63,11.98,116.64,,10.84,,88.885,3.43,0.17,0.062,20.2,0,0,0
50,50,2,Double Litter,DL,A,6.8,7.2,7.5,2.2,,,50.81,6.97,0.96,10.71,42.23,LOTS OF CHARCOAL IN <2MM,10.45,,81.823,5,0.2,0.05,25,0,0,0
51,51,2,Double Litter,DL,A,6.8,7.2,5,2.7,,,54.68,6.35,1.56,10.32,45.91,,9.97,,81.125,7.48,0.27,0.099,27.7,0,0,0
52,52,2,Double Litter,DL,A,6.8,7.2,2.5,2.45,,,36.8,0.79,0.96,10.54,27.93,,10.16,,82.671,8.46,0.27,0.093,31.3,1.06,2.1,7
53,53,2,Double Litter,DL,A,6.8,7.2,0,2.7,,,43.95,7.54,1.64,11.29,35.17,,10.16,,95.432,14.26,0.44,0.08,32.4,0.66,1,2
54,54,3,No Litter,NL,B,7.4,8.4,10,4.88,,,114.91,8.78,1.62,11.15,105.1,,10.84,,98.78,1.35,0.12,0.068,11.3,0,0,0
55,55,3,No Litter,NL,B,7.4,8.4,7.5,2.58,,,53.18,3.86,1.61,14.08,44.15,,13.45,,92.94,2.08,0.13,0.092,16,0.31,0.7,2
56,56,3,No Litter,NL,B,7.4,8.4,5,2.5,,,46.06,16.47,1.63,11.36,37.24,,11.05,,92.336,2.02,0.17,1.162,11.9,0,0,0
57,57,3,No Litter,NL,B,7.4,8.4,2.5,2.5,,,40.72,3.99,1.63,10.71,31.69,,10.28,,83.498,2.069,0.16,1.03,12.9,0,0,0
58,58,3,No Litter,NL,B,7.4,8.4,0,2.65,Mossy top,,83.2,6.65,1.64,11.14,74.4,,10.67,,98.382,4.32,0.22,0.076,19.6,0,0,0
59,59,1,No Root,NR,B,7.7,6.3,10,5.1,,,118.93,0,1.64,14.43,109.61,,14.06,,81.006,2.226,0.171,1.02,13,0,0,0
60,60,1,No Root,NR,B,7.7,6.3,7.5,2.2,,,58.63,0,1.61,11.2,49.52,,10.99,,95.245,2.37,0.16,0.039,14.8,0,0,0
61,61,1,No Root,NR,B,7.7,6.3,5,2.5,,,60.99,0,0.93,10.69,52.5,,10.4,,91.271,3,0.17,0.048,17.6,0,0,0
62,62,1,No Root,NR,B,7.7,6.3,2.5,2.6,,,52.36,1.95,1.58,10.69,43.45,Big roots,11.14,,84.414,4.727,0.234,1.215,20.2,0.7,2.1,4.5
63,63,1,No Root,NR,B,7.7,6.3,0,2.6,Larger top piece than measured…?,,98.86,5.14,1.62,10.73,89.69,,8.58,,82.668,9.26,0.36,0.059,25.7,0,0,0
64,64,1,No Root,NR,A,7.8,10,10,4.83,,,95.21,1.54,1.63,12.06,86.38,,11.52,,91.088,4.08,0.24,0.078,17,0,0,0
65,65,1,No Root,NR,A,7.8,10,7.5,2.3,,,46.95,5.05,1.22,10.64,38.13,,10.3,,87.268,4.24,0.2,0.058,21.2,0,0,0
66,66,1,No Root,NR,A,7.8,10,5,2.6,,,40.52,1.48,1.66,10,30.72,,9.75,,86.736,3.77,0.19,0.043,19.8,0,0,0
67,67,1,No Root,NR,A,7.8,10,0,5.001,,,66.11,1.61,1.59,11.51,61.05,,11.13,,81.568,7.38,0.27,0.048,27.3,0,0,0
68,68,3,No Litter,NL,C,7.6,9.2,10,4.65,Wonky extraction,X,76.98,18.94,1.13,10.3,68.14,,9.89,,89.577,3.67,0.14,0.047,26.2,0.89,2.2,4
69,69,3,No Litter,NL,C,7.6,9.2,7.5,2.55,Wonky extraction,X,45.09,14.13,0.97,11.01,36.38,,10.61,,83.692,2.69,0.11,0.058,24.5,0,0,0
70,70,3,No Litter,NL,C,7.6,9.2,5,2.25,Wonky extraction,X,36.56,6.17,0.97,11.85,27.76,,10.49,,84.895,1.94,0.11,3.227,17.6,0,0,0
71,71,3,No Litter,NL,C,7.6,9.2,2.5,2.4,Wonky extraction,X,44.63,1.85,1.62,11.67,35.9,,11.34,,93.371,2.209,0.097,0.983,22.7,0,0,0
72,72,3,No Litter,NL,C,7.6,9.2,0,2.8,Wonky extraction,X,73.65,6.77,1.13,11.95,64.84,Light charcoal,1228,,94.321,3.864,0.19,0.961,20.4,0,0,0
73,73,17,Double Litter,DL,C,7.7,6.6,10,4.95,,,121.89,1.39,1.65,12.46,112.4,,12.08,,80.957,2.347,0.343,1,6.8,0,0,0
74,74,17,Double Litter,DL,C,7.7,6.6,7.5,2.38,,,56.94,0,1.39,11.92,48.28,,11.5,,82.815,3.38,0.21,0.046,16.1,0,0,0
75,75,17,Double Litter,DL,C,7.7,6.6,5,2.65,,,58.83,0.92,1.15,9.15,50.22,,10.42,,80.03,3.92,0.23,0.05,17,0,0,0
76,76,17,Double Litter,DL,C,7.7,6.6,2.5,2.5,,,53.19,0,1.31,11.96,44.5,,11.54,,83.937,5.65,0.28,0.064,20.2,0,0,0
77,77,17,Double Litter,DL,C,7.7,6.6,0,2.6,,,76.67,6.97,1.63,11.55,67.8,,11.1,,82.869,10.16,0.42,0.062,24.2,0,0,0
78,78,1,No Root,NR,C,7.6,8.2,10,5,,,93.67,8.05,1.6,11.66,84.89,,11.38,,86.002,4.298,0.259,1.038,16.6,0,0,0
79,79,1,No Root,NR,C,7.6,8.2,7.5,2.25,,,52.97,0.99,1.39,10.4,44.1,,10.11,,80.251,5.42,0.26,0.052,20.8,0,0,0
80,80,1,No Root,NR,C,7.6,8.2,5,2.65,,,53.46,7.51,1.14,11.82,44.51,,11.37,,92.823,4.546,0.231,1.05,19.7,0,0,0
81,81,1,No Root,NR,C,7.6,8.2,2.5,2.42,,,45.59,2.26,1.63,10.96,36.76,,9.79,,91.432,5.7,0.26,0.045,21.9,0,0,0
82,82,1,No Root,NR,C,7.6,8.2,0,2.5,,,42.75,2.43,1.61,10.29,33.84,,9.74,,82.173,13.53,0.38,0.06,35.6,0,0,0
83,83,17,Double Litter,DL,A,7.5,8.3,10,4.87,,,116.3,20.5,1.63,11.69,107.3,,11.98,,86.676,3.93,0.21,0.049,18.7,0.2,1,2
84,84,17,Double Litter,DL,A,7.5,8.3,7.5,2.4,,,45.45,0,1.21,11.57,36.42,,9.9,,92.59,4.46,0.27,1.496,16.5,0,0,0
85,85,17,Double Litter,DL,A,7.5,8.3,5,2.5,,,49.82,1.12,1.64,9.4,40.81,Light charcoal,9.02,Small spill before weight,84.901,5.247,0.256,1.194,20.5,0,0,0
86,86,17,Double Litter,DL,A,7.5,8.3,2.5,2.7,,,48.68,0,1.56,10.59,39.68,,8.66,,87.286,7.83,0.28,4.787,28,0,0,0
87,87,17,Double Litter,DL,A,7.5,8.3,0,2.9,,,60.52,3.36,1.58,11.77,51.57,,9.35,,96.265,8.54,0.29,0.07,29.4,0,0,0
88,88,17,Double Litter,DL,B,7.7,8,10,4.9,,,84.86,1.51,1.62,11.93,75.97,Light charcoal,11.71,,85.16,8.78,0.29,0.05,30.3,0,0,0
89,89,17,Double Litter,DL,B,7.7,8,7.5,2.57,,,34.87,4,1.6,8.72,26.01,ALL WOOD,8.36,,95.75,17.8,0.43,0.108,41.4,0,0,0
90,90,17,Double Litter,DL,B,7.7,8,5,2.3,,,21.61,0,1.63,6.06,12.9,"Almost ALL WOOD, some charcoal, no 2mm extra",NA,NA,NA,NA,NA,NA,NA,0,0,0
91,91,17,Double Litter,DL,B,7.7,8,2.5,2.4,,,26.59,0,1.38,10.47,17.7,,9.8,,84.327,27.689,0.638,3.165,43.4,0,0,0
92,92,17,Double Litter,DL,B,7.7,8,0,2.6,,,28.91,0.79,1.37,10.39,19.98,,9.61,,91.943,30.43,0.76,1.125,40,0,0,0
93,93,4,No Root,NR,C,7.8,7,10,5.2,,,116.9,0,1.65,11.27,107.99,Some charcoal,12.73,,90.444,2.95,0.22,0.079,13.4,0,0,0
94,94,4,No Root,NR,C,7.8,7,7.5,2.2,,,59.29,0,1.64,11.94,50.36,Light charcoal,11.48,,94.092,2.876,0.195,1.11,14.7,0,0,0
95,95,4,No Root,NR,C,7.8,7,5,2.5,,,55.61,1.59,1.62,10.17,46.8,,10.09,Or 181?,88.104,3.02,0.2,0.046,15.1,0,0,0
96,96,4,No Root,NR,C,7.8,7,2.5,2.48,,,68.45,1.81,1.58,10.02,59.59,,9.66,,80.63,7.62,0.33,0.059,23.1,0,0,0
97,97,4,No Root,NR,C,7.8,7,0,2.3,,,54.25,1.08,0.99,12.51,45.41,,11.97,,90.91,4.13,0.23,0.052,18,0,0,0
98,98,5,Double Wood,DW,A,7.9,10.6,10,5.23,,,121.12,0,1.32,12.33,112.12,,10.94,,94.39,3.45,0.23,0.068,15,0,0,0
99,99,5,Double Wood,DW,A,7.9,10.6,7.5,2.7,,,44.9,0,1.6,10.64,36.99,,9.93,,96.66,8.08,0.34,0.092,23.8,0,0,0
100,100,5,Double Wood,DW,A,7.9,10.6,5,1.97,,,20.71,0,1.39,7.51,11.74,"Very little sample, LOTS OF WOOD",6.98,,86.12,17.672,0.492,0.06,35.9,0,0,0
101,101,5,Double Wood,DW,A,7.9,10.6,2.5,2.75,,,26.11,1.61,1.14,8.56,17.21,mostly wood,7.85,,86.5,19.19,0.53,0.11,36.2,0,0,0
102,102,5,Double Wood,DW,A,7.9,10.6,0,2.35,,,19.76,0,0.96,6.46,10.93,mostly wood,5.92,,85.962,20.716,0.625,0.183,33.1,0,0,0
103,103,5,Double Wood,DW,B,7.9,8,10,4.88,,,103.74,0,1.55,12.38,101.01,"Sample burned, some sample LOST",11.11,,83.171,0.897,0.062,0.033,14.5,0,0,0
104,104,5,Double Wood,DW,B,7.9,8,7.5,2.7,,,64.46,0,1.38,13.47,61.74,Burned in oven - no loss,11.91,,91.662,0.856,0.073,0.062,11.7,0,0,0
105,105,5,Double Wood,DW,B,7.9,8,5,2.05,,,35.33,0,0.98,12.62,32.66,"Sample burned, some sample LOST",11.73,,90.626,1.874,0.127,0.037,14.8,0.31,1,2
106,106,5,Double Wood,DW,B,7.9,8,2.5,2.6,,,46.63,0,1.57,11.32,43.96,Burned in oven - no loss,10.15,,94.062,2.533,0.127,0.036,19.9,1.53,3,4
107,107,5,Double Wood,DW,B,7.9,8,0,2.6,,,47.07,0,1.58,10.88,44.4,Burned in oven - no loss,8.91,,82.11,6.129,0.258,0.065,23.8,3.14,4.1,6
108,108,5,Double Wood,DW,C,7.7,9.1,10,4.8,,,104.74,0.84,1.4,12.74,102.11,Burned in oven - no loss,10.75,,86.745,1.382,0.086,0.032,16.1,0.33,1.1,3
109,109,5,Double Wood,DW,C,7.7,9.1,7.5,2.45,,,63.18,1.993,1.22,11.88,53.3,,11.03,,85.124,1.905,0.112,0.035,17,0,0,0
110,110,5,Double Wood,DW,C,7.7,9.1,5,2.45,,,51.93,0,1.44,13.43,49.28,Burned in oven - no loss,12.04,,96.319,2.548,0.138,0.042,18.5,0,0,0
111,111,5,Double Wood,DW,C,7.7,9.1,2.5,2.6,,,43.49,0,1.16,9.42,34.36,burned bag - no loss,8.74,,90.47,6.5,0.27,0.08,24.1,0,0,0
112,112,5,Double Wood,DW,C,7.7,9.1,0,2.55,,,16.63,0.71,1.61,10.25,14.02,Burned in oven - no loss,9.54,,96.915,14.192,0.465,0.053,30.5,0,0,0
113,113,14,Control,CTL,A,7.7,10.3,10,5.25,Top 5 cm may be inaccurate due to compaction,,90.76,0,1.57,11.01,81.95,LOTS OF WOOD,9.03,,84.026,8.261,0.229,0.051,36.1,0,0,0
114,114,14,Control,CTL,A,7.7,10.3,7.5,2.3,Top 5 cm may be inaccurate due to compaction,,24.94,0,1.6,4.33,16.13,ALL WOOD,3.61,,86.336,48.482,0.756,0.088,64.1,0,0,0
115,115,14,Control,CTL,A,7.7,10.3,5,2.6,Top 5 cm may be inaccurate due to compaction,,22.36,0,1.63,4.77,13.47,ALL WOOD,3.92,,83.701,51.83,1.11,1.272,46.7,0,0,0
116,116,14,Control,CTL,A,7.7,10.3,2.5,2.4,Top 5 cm may be inaccurate due to compaction,X,17.46,0,1.64,3.76,8.49,ALL WOOD,3.37,,93.986,49.77,1.13,0.133,44,0,0,0
117,117,14,Control,CTL,A,7.7,10.3,0,1.001,Top 5 cm may be inaccurate due to compaction,X,15.6,0,1.12,4.2,6.8,ALL WOOD,3.79,,92.069,45.8,1.21,0.142,37.9,0,0,0
118,118,14,Control,CTL,C,7.7,8.1,10,5.05,,,117.88,0,0.98,12.71,109.06,,11.42,,90.225,3.208,0.161,0.046,19.9,1.19,2,5
119,119,14,Control,CTL,C,7.7,8.1,7.5,2.23,,,49.97,0,1.14,10.21,41.03,lots of little wood and charcoal,9.31,,92.788,5.46,0.23,4.959,23.7,0,0,0
120,120,14,Control,CTL,C,7.7,8.1,5,2.55,,,60.73,0,1.65,12.32,51.79,SOME CHARCOAL AND WOOD IN < 2MM,11.14,,94.028,2.69,0.15,0.076,17.9,0,0,0
121,121,14,Control,CTL,C,7.7,8.1,2.5,2.6,,,59.29,0,1.58,12.75,50.4,,11.74,,81.452,2.342,0.122,0.039,19.2,0,0,0
122,122,14,Control,CTL,C,7.7,8.1,0,2.4,,,55.38,0.61,1.15,10.73,46.48,lots of little wood and charcoal,9.45,,81.34,6.89,0.29,0.097,23.8,0,0,0
123,124,4,No Root,NR,A,7.7,7.7,10,5.05,,,134.5,0,1.59,13.38,125.68,,11.85,,86.443,2.441,0.147,0.035,16.6,1.33,2,5
124,125,4,No Root,NR,A,7.7,7.7,7.5,2.4,,,63.19,0.91,1.61,13.59,54.41,,12.79,,95.59,2.493,0.158,0.034,15.8,0,0,0
125,126,4,No Root,NR,A,7.7,7.7,5,2.47,,,60.04,0,1.01,11.59,50.97,burned bag - no loss,10.83,,84.554,2.59,0.18,1.653,14.4,0,0,0
126,127,4,No Root,NR,A,7.7,7.7,2.5,2.6,,,60.85,0.606,1.58,12.32,52,,11.52,,80.249,2.809,0.191,0.04,14.7,0,0,0
127,128,4,No Root,NR,A,7.7,7.7,0,2.4,,,85.7,1.44,1.22,13.11,76.89,,11.68,,83.946,5.852,0.264,0.164,22.2,0,0,0
128,129,69,No Input,NI,C,7.6,5.9,10,4.93,,,103.63,3.18,1.22,12.68,94.811,,12.47,,93.908,2.79,0.173,1.021,16.1,0,0,0
129,130,69,No Input,NI,C,7.6,5.9,7.5,2.48,,,60.8,0,1.57,11.2,51.86,,10.44,,94.146,3.282,0.183,0.092,17.9,0,0,0
130,131,69,No Input,NI,C,7.6,5.9,5,2.4,,,58.93,3.75,1.64,12.47,50.24,,11.14,,82.094,3.907,0.204,1.156,19.1,0,0,0
131,132,69,No Input,NI,C,7.6,5.9,2.5,2.4,,,50.08,2.31,1.61,10.7,41.44,,11.52,,86.92,3.93,0.235,1.069,16.7,0,0,0
132,133,69,No Input,NI,C,7.6,5.9,0,2.7,Top core measured ~4.5 cm when extracted…?,,104.83,3.55,1.62,12.69,96.1,,11.57,,92.093,4.903,0.231,1.264,21.2,0,0,0
133,134,4,No Root,NR,B,7.6,8.1,10,5.96,,,127.63,0,1.57,11.82,118.59,,10.36,,96.959,1.97,0.15,2.244,13.1,0,0,0
134,135,4,No Root,NR,B,7.6,8.1,7.5,2.37,,,59.81,0,1.31,11.8,50.77,,11.02,,90.174,2.32,0.16,0.052,14.5,0,0,0
135,136,4,No Root,NR,B,7.6,8.1,5,2.65,,,58.16,0,1.15,10.97,49.21,,10.22,,81.808,2.67,0.18,0.076,14.8,0,0,0
136,137,4,No Root,NR,B,7.6,8.1,2.5,2.35,,,49.32,0.63,1.62,11.54,40.61,,11.95,,91.569,3.65,0.19,1.161,19.2,0,0,0
137,138,4,No Root,NR,B,7.6,8.1,0,2.35,,,54.99,0,1.61,11.69,46.03,,10.6,,98.305,9.96,0.34,0.084,29.3,0,0,0
138,139,14,Control,CTL,B,7.7,8.7,10,5.4,Top 0-7.5 cm mostly wood,,127.6,6.89,1.63,10.87,118.7,,9.33,,85.679,4.58,0.21,0.079,21.8,0,0,0
139,140,14,Control,CTL,B,7.7,8.7,7.5,2.1,Top 0-7.5 cm mostly wood,,37.49,3.18,1.64,11.91,28.57,,10.9,,90.979,8.98,0.28,0.083,32.1,1.27,3,6
140,141,14,Control,CTL,B,7.7,8.7,5,2.2,Top 0-7.5 cm mostly wood,X,28.49,0,1.12,6.6,19.72,mostly wood,5.55,,96.454,17.03,0.37,0.089,46,0,0,0
141,142,14,Control,CTL,B,7.7,8.7,2.5,2.75,Top 0-7.5 cm mostly wood,X,18.08,0,1.01,4.07,9.25,ALL WOOD,3.7,,98.328,29.89,0.53,0.068,56.4,0,0,0
142,143,14,Control,CTL,B,7.7,8.7,0,2.4,Top 0-7.5 cm mostly wood,X,24.18,0,1.16,4.85,15.23,ALL WOOD,3.92,,97.462,42.84,0.75,0.093,57.1,0,0,0
143,144,6,No Root,NR,A,5.9,8.8,10,4.88,"Short PVC tube, likely not a problem",,107.41,11.84,1.64,11.86,98.29,Big rocks,11.72,,89.721,2.671,0.16,0.978,16.6,0,0,0
144,145,6,No Root,NR,A,5.9,8.8,7.5,2.3,"Short PVC tube, likely not a problem",,44.12,0,0.97,13.18,39.19,,12.72,,91.897,3.828,0.191,0.058,20,0,0,0
145,146,6,No Root,NR,A,5.9,8.8,5,2.43,"Short PVC tube, likely not a problem",,46.13,2,1.6,11.36,37.4,,10.96,,97.529,3.51,0.199,1.235,17.6,0,0,0
146,147,6,No Root,NR,A,5.9,8.8,0,5.001,"Short PVC tube, likely not a problem",,68.33,5.65,1.62,15.59,59.73,,11.41,,85.488,4.296,0.221,1.225,19.5,0,0,0
147,148,69,No Input,NI,A,7.9,8.7,7.5,7.501,Accidentally cut off 7.5 cm instead of 5 cm from end,X,152.94,2.41,1.61,12.95,144.25,Large sample,12.66,,81.409,3.775,0.215,1.093,17.6,0,0,0
148,149,69,No Input,NI,A,7.9,8.7,5,2.42,,,55.73,4.38,1.63,13.43,46.86,,11.74,,83.68,4.081,0.232,1.085,17.6,0,0,0
149,150,69,No Input,NI,A,7.9,8.7,2.5,2.4,,,40.28,0,1.14,10.06,31.24,,9.71,,97.663,5.492,0.263,1.167,20.8,0,0,0
150,151,69,No Input,NI,A,7.9,8.7,0,2.55,,,54.71,5.57,1.62,11.92,46.04,Small charcoal + wood,9.95,,81.954,9.011,0.372,1.498,24.2,0,0,0
151,151,69,No Input,NI,A,7.9,8.7,0,2.55,,,54.71,5.57,1.62,11.92,46.04,Small charcoal + wood,12.23,,81.954,9.011,0.372,1.498,24.2,0,0,0
152,152,49,No Input,NI,B,7.9,8.3,10,4.9,,,124.71,5.89,1.62,12.66,116.13,,11.94,,85.385,1.62,0.148,0.945,10.9,0,0,0
153,153,49,No Input,NI,B,7.9,8.3,7.5,2.6,,,63.31,2.4,1.66,14.34,54.68,,11.68,,92.016,2.146,0.169,1.131,12.7,0,0,0
154,154,49,No Input,NI,B,7.9,8.3,5,2.3,,,47.25,1.5,1.6,11.34,38.73,,11.72,,81.188,2.959,0.206,1.162,14.4,0.5,1.4,2
155,155,49,No Input,NI,B,7.9,8.3,2.5,2.4,,,43.77,1.28,1.31,11.71,35.17,Big root,11.79,,93.215,3.397,0.205,0.037,16.6,0.34,1.5,3
156,156,49,No Input,NI,B,7.9,8.3,0,2.5,Mossy top,,73.97,2.13,1.61,10.74,65.34,,11.04,,87.407,3.833,0.239,1.236,16.1,0.26,0.8,2
157,157,49,No Input,NI,A,7.7,7.8,10,4.95,,,153.63,0,1,12.69,144.88,,11.29,,95.509,1.51,0.12,0.061,12.6,0,0,0
158,158,49,No Input,NI,A,7.7,7.8,7.5,2.62,,,70.05,3.89,1,12.58,61.25,,11.9,,94.879,2.55,0.163,0.037,15.6,0,0,0
159,159,49,No Input,NI,A,7.7,7.8,5,2.86,,,70.78,2.25,1.63,14.09,62.13,Small charcoal + wood,13.2,,88.979,3.347,0.201,1.164,16.7,0,0,0
160,160,49,No Input,NI,A,7.7,7.8,2.5,1.42,,,33.7,0.8,1.6,12.22,24.99,,11.96,,94.151,4.64,0.237,1.122,19.6,0,0,0
161,161,49,No Input,NI,A,7.7,7.8,0,2.9,,,85,6.04,1.62,9.98,76.09,Light wood + charcoal,10.3,,97.141,5.111,0.265,1.414,19.3,0,0,0
162,162,49,No Input,NI,C,7.5,7.6,10,5.1,,,154.42,0,1.63,14.26,145.36,,10.97,,80.57,1.85,0.15,0.043,12.3,0,0,0
163,163,49,No Input,NI,C,7.5,7.6,7.5,2.35,,,55.06,1.5,1.62,13.51,46.38,Big roots,12.11,,85.435,2.745,0.184,1.105,14.9,0,0,0
164,164,49,No Input,NI,C,7.5,7.6,5,2.6,,,62.41,2.14,1.62,12.78,53.73,,10.38,,95.046,3.18,0.2,0.627,15.9,0,0,0
165,165,49,No Input,NI,C,7.5,7.6,2.5,2.3,,,48.39,1.43,1.61,10.76,39.58,,10.23,,89.067,4.812,0.239,0.055,20.1,0,0,0
166,166,49,No Input,NI,C,7.5,7.6,0,2.5,,,69.57,1.94,1.63,12.8,60.65,,11.5,,93.497,7.079,0.3,0.056,23.6,0,0,0
167,167,69,No Input,NI,B,7.6,7.7,10,5.05,,,139.84,0,1.61,13.48,130.49,,10.97,,93.774,3.48,0.187,0.035,18.6,0,0,0
168,168,69,No Input,NI,B,7.6,7.7,7.5,2.85,,,59.42,4,1.6,11.98,50.55,,10.44,,89.795,4.04,0.2,0.047,20.2,0,0,0
169,169,69,No Input,NI,B,7.6,7.7,5,2.5,,,55.67,1.13,1.61,10.41,46.82,,9.58,,98.738,4.8,0.23,0.042,20.9,0,0,0
170,170,69,No Input,NI,B,7.6,7.7,2.5,2.45,Spilled a little before weighing,X,43.9,2.92,1.15,11.253,34.85,,9.7,,87.105,5.46,0.27,0.056,20.2,0,0,0
171,171,69,No Input,NI,B,7.6,7.7,0,2.52,,,75.09,4.99,1.61,13.54,66.19,"heavy wood, some rocks, some roots",12.19,,87.144,8.913,0.302,0.045,29.5,0.86,2.7,4
172,172,6,No Root,NR,C,7.7,8,10,5.05,White fungi throughout,,104.68,9.75,1.63,13.47,95.83,Big rock,13.29,,80.563,2.392,0.181,1.172,13.2,0,0,0
173,173,6,No Root,NR,C,7.7,8,7.5,2.38,White fungi throughout,,47.76,3.31,1.62,13.41,38.66,,9.71,,83.645,3.062,NA,1.198,NA,0,0,0
174,174,6,No Root,NR,C,7.7,8,5,2.45,White fungi throughout,,47.99,1.47,1.6,10.13,39.26,,10.33,,83.306,3.043,0.198,1.356,15.4,0,0,0
175,175,6,No Root,NR,C,7.7,8,2.5,2.5,White fungi throughout,,42.07,0,1.44,10.47,33.22,,9.5,,88.303,3.43,0.23,0.046,14.9,0,0,0
176,176,6,No Root,NR,C,7.7,8,0,2.5,White fungi throughout,,56.64,3.15,1.62,10.89,47.9,,9.51,,88.516,7.232,0.333,1.667,21.7,0,0,0
177,177,7,No Litter,NL,B,7.9,8,10,4.8,,,118.86,2.02,1.63,13.44,110.1,,11.45,,84.26,2.211,0.183,1.089,12.1,0,0,0
178,178,7,No Litter,NL,B,7.9,8,7.5,2.3,,,57.77,2.05,1.61,10.95,49.09,,10.8,,94.348,2.29,0.17,0.038,13.5,0,0,0
179,179,7,No Litter,NL,B,7.9,8,5,2.45,,,59.45,1.89,1.61,13.29,50.62,,12.93,,99.061,2.807,0.2,1.075,14,0,0,0
180,180,7,No Litter,NL,B,7.9,8,2.5,2.55,,,57.32,0,1.42,12.1,48.34,,11.37,,88.767,3.2,0.19,0.04,16.8,0,0,0
181,181,7,No Litter,NL,B,7.9,8,0,2.55,Mossy top,,82.79,4.84,1.39,13.58,73.81,PVC fragments?,NA,NA,92.795,5.19,0.29,1.109,17.9,0,0,0
182,182,7,No Litter,NL,A,7.7,8.5,10,4.9,,,156.95,0,1.62,14.487,147.36,,11.25,,88.891,1.28,0.12,0.038,10.7,0,0,0
183,183,7,No Litter,NL,A,7.7,8.5,7.5,2.97,,,82.18,1.86,1.63,13.41,73.18,,10.66,,92.678,1.507,0.13,1.164,11.6,0,0,0
184,184,7,No Litter,NL,A,7.7,8.5,5,1.87,,,52.32,0,1.62,10.54,43.47,,10.18,,92.997,2.289,0.178,1.038,12.9,0,0,0
185,185,7,No Litter,NL,A,7.7,8.5,2.5,2.65,Inaccurate weight?,X,60.04,2.15,1.62,13.34,51.27,,11.09,,82.097,2.178,0.157,1.086,13.9,0,0,0
186,186,7,No Litter,NL,A,7.7,8.5,0,2.5001,Inaccurate weight?,X,53.35,1.67,1.63,11.77,44.61,,9.9,,82.149,4.981,0.255,1.2,19.5,0,0,0
187,187,6,No Root,NR,B,7.6,7.6,10,5,,,NA,NA,NA,NA,NA,NA,NA,NA,NA,NA,NA,NA,NA,0,0,0
188,188,6,No Root,NR,B,7.6,7.6,7.5,2.45,,,NA,NA,NA,NA,NA,NA,NA,NA,NA,NA,NA,NA,NA,0,0,0
189,189,6,No Root,NR,B,7.6,7.6,5,2.28,,,106.23,4.47,1.63,11.47,97.33,,13.18,,94.89,3.34,0.21,0.051,15.9,0,0,0
190,190,6,No Root,NR,B,7.6,7.6,2.5,2.65,,,53.05,2.21,1.63,11.76,48.15,,10.23,,91.2,3.828,0.228,1.215,16.8,0,0,0
191,191,6,No Root,NR,B,7.6,7.6,0,2.6,,,46.39,2.58,1.62,11.59,37.5,Big roots,9.95,,96.801,4.403,0.241,1.33,18.3,0,0,0
192,192,7,No Litter,NL,C,7.5,8.2,10,5.001,BAD weight,X,49.93,2.05,1.61,12.55,41.25,Big roots,10.71,,89.013,6.149,0.287,1.404,21.5,0,0,0
193,192,7,No Litter,NL,C,7.5,8.2,10,5.001,BAD weight,X,122,1.19,1.31,12.75,113.12,BAD CORE WEIGHT VALUE,11.81,,89.013,6.149,0.287,1.404,21.5,0,0,0
194,192,7,No Litter,NL,C,7.5,8.2,10,5.001,BAD weight,X,122,1.19,1.31,12.75,113.12,BAD CORE WEIGHT VALUE,10.71,,89.013,6.149,0.287,1.404,21.5,0,0,0
195,192,7,No Litter,NL,C,7.5,8.2,10,5.001,BAD weight,X,49.93,2.05,1.61,12.55,41.25,Big roots,11.81,,89.013,6.149,0.287,1.404,21.5,0,0,0
196,193,7,No Litter,NL,C,7.5,8.2,7.5,2.6,,,58.76,2.55,1.65,11.36,50.03,,9.79,,81.505,8.997,0.358,1.673,25.2,0,0,0
197,193,7,No Litter,NL,C,7.5,8.2,7.5,2.6,,,68.24,0,1.01,13.47,59.42,,11.46,,81.505,8.997,0.358,1.673,25.2,0,0,0
198,193,7,No Litter,NL,C,7.5,8.2,7.5,2.6,,,58.76,2.55,1.65,11.36,50.03,,11.46,,81.505,8.997,0.358,1.673,25.2,0,0,0
199,193,7,No Litter,NL,C,7.5,8.2,7.5,2.6,,,68.24,0,1.01,13.47,59.42,,9.79,,81.505,8.997,0.358,1.673,25.2,0,0,0
200,194,7,No Litter,NL,C,7.5,8.2,5,2.65,,,55.2,0,1.64,10.84,47.47,,10.65,,98.576,2.936,0.202,0.042,14.5,0,0,0
201,195,7,No Litter,NL,C,7.5,8.2,2.5,2.55,,,57.25,0,0.96,10.25,48.94,,10.04,,89.537,3.286,0.203,0.038,16.2,0,0,0
202,196,7,No Litter,NL,C,7.5,8.2,0,2.7,,,72.66,0,1.38,12.58,64.23,,11.6,,87.597,5.415,0.302,0.227,17.9,0,0,0
203,197,13,Double Litter,DL,C,7.8,9.6,10,5,Lots of WOOD and roots,X,100.34,3.41,1.61,11.15,91.86,,10.83,,97.331,4.985,0.261,0.045,19.1,0,0,0
204,198,13,Double Litter,DL,C,7.8,9.6,7.5,2.3,Lots of WOOD and roots,X,46.93,2.3,1.62,9.42,38.44,,9.18,,95.62,6.961,0.323,0.055,21.6,0,0,0
205,199,13,Double Litter,DL,C,7.8,9.6,5,2.55,Lots of WOOD and roots,X,39.92,1.11,1.61,12.86,31.29,,10.15,,96.518,10.107,0.427,0.056,23.7,0.95,2,5
206,200,13,Double Litter,DL,C,7.8,9.6,0,5.001,Lots of WOOD and roots,X,23.06,0,1.15,6.44,14.72,mostly wood,6.23,,84.229,26.904,0.952,0.087,28.3,0,0,0
207,201,8,Control,CTL,C,7.7,8,10,5,,,98.84,4.95,1.45,11.93,90.4,,11.2,,89.282,3.251,0.199,0.042,16.3,0,0,0
208,202,8,Control,CTL,C,7.7,8,7.5,2.57,,,56.01,5.44,1.62,12.21,47.45,,11.88,,80.895,5.77,0.294,0.05,19.6,0,0,0
209,203,8,Control,CTL,C,7.7,8,5,2.4,,,73.09,1.64,1.61,13.63,64.41,,10.63,,89.506,7.53,0.376,0.056,20,0,0,0
210,204,8,Control,CTL,C,7.7,8,2.5,2.5,,,47.35,2.79,1.39,10.54,38.8,,10.25,,96.027,6.173,0.319,0.059,19.4,0,0,0
211,205,8,Control,CTL,C,7.7,8,0,2.55,,,49.87,2.72,1.58,10.96,40.76,,10.71,,85.424,5.076,0.278,0.059,18.3,0,0,0
212,206,13,Double Litter,DL,B,7.8,7.8,10,4.8,,,97.13,0,1.4,15.02,88.65,Heavy wood,14.02,,89.565,4.063,0.235,0.051,17.3,0,0,0
213,207,13,Double Litter,DL,B,7.8,7.8,7.5,2.48,,,50.84,1.295,1.61,11.02,42.26,moist soil,9.42,,94.877,4.627,0.227,0.038,20.4,0,0,0
214,208,13,Double Litter,DL,B,7.8,7.8,5,2.5,,,40.3,0,1.61,10.42,31.71,some wood,10.15,,94.068,7.028,0.316,0.047,22.2,0,0,0
215,209,13,Double Litter,DL,B,7.8,7.8,2.5,2.6,,,41.48,7.52,1.61,10.71,32.84,some wood,10.36,,98.097,5.736,0.308,0.049,18.6,0,0,0
216,210,13,Double Litter,DL,B,7.8,7.8,0,2.45,,,71.06,5,1.38,12.94,62.5,,10.55,,88.793,7.138,0.338,0.047,21.1,0,0,0
217,211,8,Control,CTL,B,7.8,9.6,10,5.1,,,118.1,0,1.59,12.1,109.47,Some charcoal,11.46,,98.994,2.226,0.156,0.044,14.3,0,0,0
218,212,8,Control,CTL,B,7.8,9.6,7.5,2.35,,,51.02,0.78,1.44,11.58,42.61,,11.11,,80.778,3.731,0.213,0.047,17.5,0,0,0
219,213,8,Control,CTL,B,7.8,9.6,5,2.63,,,40.94,0,1.57,10.25,32.39,,9.83,,98.956,8.341,0.311,0.05,26.8,1.73,2.5,7
220,214,8,Control,CTL,B,7.8,9.6,2.5,2.3,,,42.72,0,1.59,12.63,34.13,,12.16,,85.69,5.059,0.214,0.061,23.6,0,0,0
221,215,8,Control,CTL,B,7.8,9.6,0,2.52,,,38.86,0,1.64,10.88,30.42,,10.45,,90.005,6.297,0.292,0.053,21.6,0,0,0
222,216,13,Double Litter,DL,A,7.7,8.9,10,5.15,"Lots of wood, CHARCOAL",X,85.26,12.9,1.56,12.07,76.78,CHARCOAL,11.65,,95.67,7.55,0.24,0.042,31.5,1.08,2.5,4.5
223,217,13,Double Litter,DL,A,7.7,8.9,7.5,2.32,"Lots of wood, CHARCOAL",X,20.27,0,1.21,4.31,15.79,ALL WOOD,4.13,,94.081,37.364,0.966,0.135,38.7,0,0,0
224,218,13,Double Litter,DL,A,7.7,8.9,5,2.45,"Lots of wood, CHARCOAL",X,17.06,0,1.61,7.67,8.7,LOTS OF WOOD,7.27,,84.295,40.415,1.482,0.163,27.3,0.99,2.7,7
225,219,13,Double Litter,DL,A,7.7,8.9,2.5,2.5,Lots of wood,X,15.1,0,0.99,4.66,6.76,Lots of wood,4.43,,93.183,43.55,1.557,0.161,28,0,0,0
226,220,13,Double Litter,DL,A,7.7,8.9,0,2.5,Lots of wood,X,14.66,0,1.64,4,6.16,ALL WOOD,3.84,,82.335,40.492,1.382,0.144,29.3,0.85,2.4,5
227,221,8,Control,CTL,A,7.6,8.6,10,4.97,,,118.76,1.63,1.59,12.99,110.04,,11.84,,85.346,1.994,0.148,0.04,13.5,0,0,0
228,222,8,Control,CTL,A,7.6,8.6,7.5,2.38,,,53.16,5.12,0.97,10.88,44.6,,10.54,,90.819,2.232,0.158,0.059,14.1,0,0,0
229,223,8,Control,CTL,A,7.6,8.6,5,2.6,,,52.59,0.93,1.23,11.11,44.17,,10.77,,82.683,3.066,0.196,0.051,15.6,0,0,0
230,224,8,Control,CTL,A,7.6,8.6,2.5,2.5,,,42.99,2.69,1,10.27,34.52,,9.89,,82.611,3.446,0.194,0.049,17.8,0,0,0
231,225,8,Control,CTL,A,7.6,8.6,0,2.45,,,56.89,1.77,1.61,10.8,48.34,,9.95,,95.63,6.252,0.311,0.049,20.1,0,0,0
232,226,10,Double Wood,DW,A,6.7,8.5,10,5.15,Big chunk of wood in core,X,100.64,1.28,1.61,11.27,91.88,,10.94,,98.563,5.248,0.189,0.039,27.8,4,10,8
233,227,10,Double Wood,DW,A,6.7,8.5,7.5,2.3,Big chunk of wood in core,X,25.34,0,1.63,9.93,16.75,Lots of wood,9.4,,92.997,31.657,0.707,0.085,44.8,0,0,0
234,228,10,Double Wood,DW,A,6.7,8.5,5,2.5,Big chunk of wood in core,X,19.63,0,0.961,5.82,10.79,ALL WOOD,5.48,,88.674,45.626,1.023,0.084,44.6,0,0,0
235,229,10,Double Wood,DW,A,6.7,8.5,0,5.001,Big chunk of wood in core,X,18.98,0,1.63,9.9,10.59,LOTS OF WOOD,9.37,,98.27,45.94,1.19,0.183,38.6,0,0,0
236,230,12,Control,CTL,B,6.5,8.3,10,5.1,ALL WOOD,X,29.29,0,1.63,3.97,20.73,ALL WOOD,3.82,,92.992,35.559,0.485,0.065,73.3,0,0,0
237,231,12,Control,CTL,B,6.5,8.3,7.5,2.3,ALL WOOD,X,15.16,0,1.31,2.51,6.59,ALL WOOD,2.45,,97.727,44.571,0.397,0.06,112.3,0,0,0
238,232,12,Control,CTL,B,6.5,8.3,5,2.6,ALL WOOD,X,15.28,0,1.44,2.88,6.7,ALL WOOD,2.76,,86.314,43.094,0.418,0.123,103.1,0,0,0
239,233,12,Control,CTL,B,6.5,8.3,0,5.001,ALL WOOD,X,24.36,0,1.64,5.99,15.92,ALL WOOD,5.76,,83.353,42.711,0.532,0.072,80.3,0,0,0
240,234,11,No Litter,NL,A,6.5,6.9,10,5.05,,,117.1,0,1.64,11.75,108.59,,11.48,,96.06,2.25,0.18,0.066,12.5,0,0,0
241,235,11,No Litter,NL,A,6.5,6.9,7.5,2.45,,,55.26,0,1.58,12.44,46.8,,12.07,,82.906,2.971,0.188,0.047,15.8,0,0,0
242,236,11,No Litter,NL,A,6.5,6.9,5,2.5,,,55.35,0,1.39,11.84,46.9,,11.21,,90.591,3.742,0.199,0.087,18.8,0,0,0
243,237,11,No Litter,NL,A,6.5,6.9,2.5,2.3,,,34.92,0,1.64,11.59,26.34,,10.96,,88.178,6.42,0.28,0.055,22.9,0,0,0
244,238,11,No Litter,NL,A,6.5,6.9,0,2.65,,,59.59,0,1.43,10.92,51.02,,10.36,,84.581,8.7,0.261,0.048,33.3,0,0,0
245,239,11,No Litter,NL,C,7.7,7.7,10,5.3,,,112.39,0,1.41,13.31,103.01,,12.12,,92.473,2.987,0.169,0.041,17.7,2.16,3.8,8
246,240,11,No Litter,NL,C,7.7,7.7,7.5,2.3,,,38.25,0,1.62,10.72,29.8,,10.38,,85.292,5.563,0.21,0.091,26.5,0,0,0
247,241,11,No Litter,NL,C,7.7,7.7,5,2.2,"Change in soil texture, sandier than below",X,42.17,0.89,1.4,12.52,33.68,,11.92,,91.085,1.684,0.075,0.032,22.5,0,0,0
248,242,11,No Litter,NL,C,7.7,7.7,2.5,2.4,"Change in soil texture, sandier than below",X,56.39,1.79,0.97,14.29,46.09,SMALL ROCKS,13.66,,95.189,1.11,0.09,0.039,12.3,0,0,0
249,243,11,No Litter,NL,C,7.7,7.7,0,2.7,"Change in soil texture, sandier than below",X,105.34,3.68,1.45,12.58,96.58,lots of little rocks,12.01,,93.249,1.406,0.072,0.032,19.5,0,0,0
250,244,11,No Litter,NL,B,6.7,7.5,10,4.8001,"Cutting blade bent, swirl cut",,95.62,0,1.38,12.5,87.04,,11.95,,99.005,1.59,0.122,0.056,13,0,0,0
251,245,11,No Litter,NL,B,6.7,7.5,7.5,2.6,"Cutting blade bent, swirl cut",,64.45,0,1.58,12.08,55.97,,11.15,,84.155,2.34,0.18,0.054,13,0,0,0
252,246,11,No Litter,NL,B,6.7,7.5,5,2.3,"Cutting blade bent, swirl cut",,52.22,0,0.97,13.29,43.46,,12.56,,97.352,2.778,0.178,0.034,15.6,0,0,0
253,247,11,No Litter,NL,B,6.7,7.5,2.5,2.6,"Cutting blade bent, swirl cut",,53.04,0,1.63,13.45,44.33,,12.88,,83.336,3.387,0.188,0.045,18,0,0,0
254,248,11,No Litter,NL,B,6.7,7.5,0,2.9001,"Cutting blade bent, swirl cut",,65.85,2.14,1.4,15.76,57.26,,14.95,,99.175,6.148,0.222,0.037,27.7,0,0,0
255,249,10,Double Wood,DW,C,4.5,4.5,10,5.02,,,157.12,1.028,1.58,13.09,147.65,moist soil,10.07,,80.43,1.373,0.183,0.053,7.5,0,0,0
256,250,10,Double Wood,DW,C,4.5,4.5,7.5,2.6,,,77.55,0,1.66,14.16,68.47,moist soil,10.99,,96.234,1.811,0.111,0.03,16.3,0,0,0
257,251,10,Double Wood,DW,C,4.5,4.5,5,2.4,,,68.38,0,1.61,11.75,59.86,,9.05,,95.1,2.338,0.142,0.031,16.5,0,0,0
258,252,10,Double Wood,DW,C,4.5,4.5,2.5,2.2,,,46.73,0,1.21,11.26,38.25,,8.3,,84.451,4.421,0.225,0.07,19.6,0,0,0
259,253,10,Double Wood,DW,C,4.5,4.5,0,2.65,,,39.61,0,1.37,10.42,31.02,ALL WOOD,5.88,,83.139,35.4,0.87,0.142,40.7,0,0,0
260,254,16,Double Wood,DW,C,7.8,8.8,10,5.15,,,115.31,26.09,1.12,10.43,106.43,,8.25,,91.204,3.26,0.22,0.047,14.8,0,0,0
261,255,16,Double Wood,DW,C,7.8,8.8,7.5,2.5,,,61.03,7.6,1.65,12.78,52.34,,10.33,,80.34,3.39,0.215,0.132,15.8,0,0,0
262,256,16,Double Wood,DW,C,7.8,8.8,5,2.5,,,55.01,4.99,1.62,11.06,46.5,,9.07,,84.63,3.948,0.216,0.042,18.3,0,0,0
263,257,16,Double Wood,DW,C,7.8,8.8,0,5.001,,,107.21,11.64,1.62,11.78,98.41,Some wood,9.23,,84.123,7.258,0.304,0.049,23.9,0,0,0
264,258,12,Control,CTL,C,6.6,7.8,10,5.4,"Lots of thick, clay",,169.68,0,1.63,12.44,160.95,THICK CLAY,9.38,,94.662,0.881,0.066,0.027,13.3,0,0,0
265,259,12,Control,CTL,C,6.6,7.8,7.5,2.4,,,60.15,0,0.98,11.17,51.85,Light roots,10.31,,93.738,1.524,0.09,0.032,16.9,0,0,0
266,260,12,Control,CTL,C,6.6,7.8,5,2.5,,,49.64,0,1.62,13.18,41.29,Light charcoal,12.4,,80.895,1.488,0.112,0.04,13.3,0,0,0
267,261,12,Control,CTL,C,6.6,7.8,2.5,2.65,,,32.7,0,1.6,13.15,24.39,,12.39,,87.613,2.552,0.128,0.036,19.9,0,0,0
268,262,12,Control,CTL,C,6.6,7.8,0,2.4,,,52.09,0,1.13,13.3,43.72,,11.59,,98.656,4.04,0.22,0.048,18.4,0,0,0
269,263,12,Control,CTL,A,6.6,9.8,10,4.85,,,122.07,0,1,13.25,113.62,,11.69,,92.684,4.369,0.219,0.043,19.9,0,0,0
270,264,12,Control,CTL,A,6.6,9.8,7.5,2.5,,,43.52,0,1.17,8.38,35.22,Some wood,7.78,,94.239,11.017,0.341,0.049,32.3,1,1.1,4
271,265,12,Control,CTL,A,6.6,9.8,5,2.7,,,62.63,0,1.4,13.91,54.2,THICK CLAY,9.28,,93.403,6.686,0.252,0.041,26.5,1.69,2.3,4
272,266,12,Control,CTL,A,6.6,9.8,0,4.3,,,33.66,0,1.62,7.08,25.26,"light wood, small < 2mm",6.85,,96.313,10.814,0.346,0.048,31.3,0,0,0
273,267,10,Double Wood,DW,B,7.65,9.7,10,4.5,,,111,0,1.15,11.23,102.25,heavy wood and charcoal,9.05,,82.802,5.481,0.242,0.047,22.6,0,0,0
274,268,10,Double Wood,DW,B,7.65,9.7,7.5,2.4,,,23.53,0,1.63,7.34,15.12,heavy wood,6.97,,94.786,28.82,0.84,0.11,34.3,1.26,2.3,4
275,269,10,Double Wood,DW,B,7.65,9.7,5,2.3,,,22.6,0,1.63,8.81,14.38,"Mostly wood, some charcoal",8.43,,87.783,31.876,0.865,0.094,36.9,1.01,2.5,5
276,270,10,Double Wood,DW,B,7.65,9.7,0,4.8001,,,24.92,0,1.63,6.77,16.65,ALL WOOD,6.33,,98.324,41.666,0.865,0.086,48.2,0,0,0
277,271,16,Double Wood,DW,B,7.9,9.1,10,4.7,,,109.26,8.33,1,13,100.34,,11.45,,97.029,4.118,0.209,0.042,19.7,0,0,0
278,272,16,Double Wood,DW,B,7.9,9.1,7.5,2.35,,,47.74,8.43,1.62,11.35,39.32,"heavy charcoal, some rocks, some roots",11.01,,93.36,7.55,0.3,0.052,25.2,0.18,1,2
279,273,16,Double Wood,DW,B,7.9,9.1,5,2.4,,,21.24,1.74,1.64,6.56,12.97,Mostly wood w/ fungus,6.33,,84.542,24.165,0.758,0.228,31.9,0,0,0
280,274,16,Double Wood,DW,B,7.9,9.1,0,5.001,,,27.11,0,1.58,4.39,18.74,ALL WOOD,3.86,,94.348,46.374,1.171,0.127,39.6,0,0,0
281,275,9,No OA,NOA,B,5.2,5.1,10,4.5,Big rock in 10-15cm,,114.79,41.82,1.6,11.1,106.29,Huge rock,9.05,,85.827,0.702,0.073,0.024,9.6,0,0,0
282,276,9,No OA,NOA,B,5.2,5.1,7.5,2.25,,,67.21,9.65,1.15,10.71,58.71,,8.54,,93.986,0.99,0.1,0.09,9.9,0,0,0
283,277,9,No OA,NOA,B,5.2,5.1,5,2.05,,,58.26,8.03,1,11.33,49.76,,9.14,,NA,NA,NA,NA,NA,0,0,0
284,278,9,No OA,NOA,B,5.2,5.1,2.5,2.5,,,92.14,11.48,1.62,12.7,83.64,,10.15,,99.211,1.32,0.1,0.07,13.2,0,0,0
285,279,9,No OA,NOA,B,5.2,5.1,0,2.3,,,119.74,0,1.63,12.37,111.24,,10.1,,96.881,1.98,0.13,0.071,15.2,0,0,0
286,280,9,No OA,NOA,C,6.6,7.1,10,4.9,"Charcoal, roots, clay, rock",,172.34,0,1.21,12.31,163.84,,9.06,,96.705,1.004,0.089,0.029,11.3,0,0,0
287,281,9,No OA,NOA,C,6.6,7.1,7.5,2.1,"Charcoal, roots, clay, rock",,38.69,0,1.56,10.97,30.19,Wood,9.05,,97.496,1.46,0.11,0.076,13.3,0,0,0
288,282,9,No OA,NOA,C,6.6,7.1,5,2.9,"Charcoal, roots, clay, rock",,65.78,14.46,1.13,11.17,57.28,Large rock,8.46,,83.873,1.753,0.118,0.028,14.9,0,0,0
289,283,9,No OA,NOA,C,6.6,7.1,2.5,2.4,"Charcoal, roots, clay, rock",,49.84,14.68,1.62,11.41,41.34,,8.04,,NA,NA,NA,NA,NA,0,0,0
290,284,9,No OA,NOA,C,6.6,7.1,0,2.6,"Charcoal, roots, clay, rock",,160.19,11.21,1.64,13.07,151.69,,10.1,,92.896,1.437,0.102,0.032,14.1,0,0,0
291,285,18,No OA,NOA,C,7,7,10,5.4,,,160.95,5.89,1.64,11.29,152.45,,8.63,,82.61,1.28,0.12,0.075,10.7,0,0,0
292,286,18,No OA,NOA,C,7,7,7.5,2.2,,,85.49,8.35,1.12,10.25,76.99,,7.86,,97.415,1.64,0.15,1.17,10.9,0,0,0
293,287,18,No OA,NOA,C,7,7,5,2.4,,,51.85,11.5,1.13,10.47,43.35,Big rocks,8.96,,92.758,1.69,0.12,0.068,14.1,0,0,0
294,288,18,No OA,NOA,C,7,7,2.5,2.5,,,66.69,2.74,1.63,9.37,58.19,,7.66,,83.114,1.54,0.14,0.075,11,0,0,0
295,289,18,No OA,NOA,C,7,7,0,2.5,,,108.43,6.23,1.63,10.46,99.93,,8.195,,95.018,2.12,0.16,0.072,13.3,0,0,0
296,290,18,No OA,NOA,A,6.6,6.5,10,5.5,,,169.45,7.15,1.63,11.83,160.95,,8.89,,98.449,0.79,0.09,0.069,8.8,0,0,0
297,291,18,No OA,NOA,A,6.6,6.5,7.5,2,,,82,8.63,1.59,12.17,73.5,,9.16,,80.548,0.78,0.09,0.078,8.7,0,0,0
298,292,18,No OA,NOA,A,6.6,6.5,5,2.6,,,88.24,4.63,1.13,10.08,79.74,,7.62,,95.555,0.91,0.09,0.074,10.1,0,0,0
299,293,18,No OA,NOA,A,6.6,6.5,2.5,2.75,,,96.32,3.39,1.62,9.91,87.82,,7.93,,90.739,0.92,0.11,2.77,8.4,0,0,0
300,294,18,No OA,NOA,A,6.6,6.5,0,1.8,,,71.49,0,0.98,10.33,62.99,,7.38,,93.043,3,0.19,1.528,15.8,0,0,0
301,295,9,No OA,NOA,A,6.8,6.4,10,4.8,,,156.37,5.03,1.62,11.81,147.87,,9.05,,96.842,1.14,0.11,2.105,10.4,0,0,0
302,296,9,No OA,NOA,A,6.8,6.4,7.5,2.6,,,75.72,0,1.61,13.98,67.22,,10.61,,96.02,1.24,0.1,0.067,12.4,0,0,0
303,297,9,No OA,NOA,A,6.8,6.4,5,2.3,,,61.72,0,1.58,10.19,53.22,,7.96,,84.11,1.077,0.089,0.036,12.1,0,0,0
304,298,9,No OA,NOA,A,6.8,6.4,2.5,2.4,,,56.75,0,1.22,11.02,48.25,,8.67,,96.342,1.038,0.076,0.031,13.7,0,0,0
305,299,9,No OA,NOA,A,6.8,6.4,0,2.5,,,110.82,0,1.22,12.24,102.32,,9.82,,90.608,1.506,0.109,0.028,13.8,0,0,0
306,300,18,No OA,NOA,B,6.9,7.4,10,5,,,130.06,11.35,1.59,12.04,121.56,some wood,8.94,,87.189,1.402,0.107,0.029,13.1,0,0,0
307,301,18,No OA,NOA,B,6.9,7.4,7.5,2.55,,,75.57,0,1.62,12.65,67.07,,9.58,,94.567,1.22,0.11,0.08,11.1,0,0,0
308,302,18,No OA,NOA,B,6.9,7.4,5,2.5,,,59.44,0,1.23,10.04,50.94,,7.88,,94.587,1.23,0.11,0.092,11.2,0,0,0
309,303,18,No OA,NOA,B,6.9,7.4,2.5,2.4,,,66.09,4.26,1.45,11.4,57.59,,8.62,,86.876,1.41,0.12,0.074,11.8,0,0,0
310,304,18,No OA,NOA,B,6.9,7.4,0,2,,,98.51,5.33,1.62,9.42,90.01,,7.49,,82.915,1.7,0.112,0.03,15.2,0,0,0
