JAR,AMENDMENT,TRT,DAY,HOUR,X12C,X13C
16,LIGNIN,CTL,0,0,0,0
17,LIGNIN,CTL,0,0,0,0
18,LIGNIN,CTL,0,0,0,0
52,LIGNIN,DW,0,0,0,0
53,LIGNIN,DW,0,0,0,0
54,LIGNIN,DW,0,0,0,0
88,LIGNIN,DL,0,0,0,0
89,LIGNIN,DL,0,0,0,0
90,LIGNIN,DL,0,0,0,0
124,LIGNIN,NI,0,0,0,0
125,LIGNIN,NI,0,0,0,0
126,LIGNIN,NI,0,0,0,0
160,LIGNIN,NR,0,0,0,0
161,LIGNIN,NR,0,0,0,0
162,LIGNIN,NR,0,0,0,0
7,CELLULOSE,CTL,0,0,0,0
8,CELLULOSE,CTL,0,0,0,0
9,CELLULOSE,CTL,0,0,0,0
25,OXALATE,CTL,0,0,0,0
26,OXALATE,CTL,0,0,0,0
27,OXALATE,CTL,0,0,0,0
34,PHENOL,CTL,0,0,0,0
35,PHENOL,CTL,0,0,0,0
36,PHENOL,CTL,0,0,0,0
43,CELLULOSE,DW,0,0,0,0
44,CELLULOSE,DW,0,0,0,0
45,CELLULOSE,DW,0,0,0,0
61,OXALATE,DW,0,0,0,0
62,OXALATE,DW,0,0,0,0
63,OXALATE,DW,0,0,0,0
70,PHENOL,DW,0,0,0,0
71,PHENOL,DW,0,0,0,0
72,PHENOL,DW,0,0,0,0
79,CELLULOSE,DL,0,0,0,0
80,CELLULOSE,DL,0,0,0,0
81,CELLULOSE,DL,0,0,0,0
97,OXALATE,DL,0,0,0,0
98,OXALATE,DL,0,0,0,0
99,OXALATE,DL,0,0,0,0
106,PHENOL,DL,0,0,0,0
107,PHENOL,DL,0,0,0,0
108,PHENOL,DL,0,0,0,0
115,CELLULOSE,NI,0,0,0,0
116,CELLULOSE,NI,0,0,0,0
117,CELLULOSE,NI,0,0,0,0
133,OXALATE,NI,0,0,0,0
134,OXALATE,NI,0,0,0,0
135,OXALATE,NI,0,0,0,0
142,PHENOL,NI,0,0,0,0
143,PHENOL,NI,0,0,0,0
144,PHENOL,NI,0,0,0,0
151,CELLULOSE,NR,0,0,0,0
152,CELLULOSE,NR,0,0,0,0
153,CELLULOSE,NR,0,0,0,0
169,OXALATE,NR,0,0,0,0
170,OXALATE,NR,0,0,0,0
171,OXALATE,NR,0,0,0,0
178,PHENOL,NR,0,0,0,0
179,PHENOL,NR,0,0,0,0
180,PHENOL,NR,0,0,0,0
7,CELLULOSE,CTL,1,24,34.29,0.063
8,CELLULOSE,CTL,1,24,35.775,0.061
9,CELLULOSE,CTL,1,24,34.697,0.056
25,OXALATE,CTL,1,24,40.483,7.371
26,OXALATE,CTL,1,24,41.45,6.809
27,OXALATE,CTL,1,24,41.021,6.397
34,PHENOL,CTL,1,24,40.565,1.883
35,PHENOL,CTL,1,24,41.192,2.027
36,PHENOL,CTL,1,24,44.661,2.022
43,CELLULOSE,DW,1,24,44.441,0.127
44,CELLULOSE,DW,1,24,45.556,0.123
45,CELLULOSE,DW,1,24,46.092,0.113
61,OXALATE,DW,1,24,68.846,11.965
62,OXALATE,DW,1,24,76.841,12.97
63,OXALATE,DW,1,24,70.789,11.173
70,PHENOL,DW,1,24,56.43,3.876
71,PHENOL,DW,1,24,62.141,3.791
72,PHENOL,DW,1,24,61.638,3.783
79,CELLULOSE,DL,1,24,44.688,0.072
80,CELLULOSE,DL,1,24,40.499,0.065
81,CELLULOSE,DL,1,24,39.4,0.062
97,OXALATE,DL,1,24,57.466,10.885
98,OXALATE,DL,1,24,57.902,10.328
99,OXALATE,DL,1,24,56.953,9.97
106,PHENOL,DL,1,24,54.264,2.214
107,PHENOL,DL,1,24,54.817,2.213
108,PHENOL,DL,1,24,53.577,2.13
115,CELLULOSE,NI,1,24,29.269,0.051
116,CELLULOSE,NI,1,24,24.688,0.046
117,CELLULOSE,NI,1,24,20.839,0.042
133,OXALATE,NI,1,24,40.337,10
134,OXALATE,NI,1,24,42.106,10.604
135,OXALATE,NI,1,24,49.682,10.269
142,PHENOL,NI,1,24,32.37,2.163
143,PHENOL,NI,1,24,29.611,1.911
144,PHENOL,NI,1,24,24.173,1.519
151,CELLULOSE,NR,1,24,36.968,0.093
152,CELLULOSE,NR,1,24,33.939,0.069
153,CELLULOSE,NR,1,24,35.519,0.063
169,OXALATE,NR,1,24,55.548,11.367
170,OXALATE,NR,1,24,59.754,11.854
171,OXALATE,NR,1,24,55.777,11.389
178,PHENOL,NR,1,24,41.707,2.06
179,PHENOL,NR,1,24,43.932,2.072
180,PHENOL,NR,1,24,44.193,2.154
7,CELLULOSE,CTL,2,42,54.138,0.099
8,CELLULOSE,CTL,2,42,57.071,0.095
9,CELLULOSE,CTL,2,42,49.637,0.088
25,OXALATE,CTL,2,42,68.157,11.573
26,OXALATE,CTL,2,42,66.69,9.8
27,OXALATE,CTL,2,42,65.801,9.035
34,PHENOL,CTL,2,42,63.024,2.181
35,PHENOL,CTL,2,42,63.3,2.34
36,PHENOL,CTL,2,42,69.22,2.356
43,CELLULOSE,DW,2,42,74.405,0.201
44,CELLULOSE,DW,2,42,75.896,0.182
45,CELLULOSE,DW,2,42,76.832,0.162
61,OXALATE,DW,2,42,99.913,13.144
62,OXALATE,DW,2,42,111.398,14.238
63,OXALATE,DW,2,42,102.583,12.103
70,PHENOL,DW,2,42,88.866,4.397
71,PHENOL,DW,2,42,96.396,4.216
72,PHENOL,DW,2,42,93.418,4.191
79,CELLULOSE,DL,2,42,73.365,0.114
80,CELLULOSE,DL,2,42,65.223,0.104
81,CELLULOSE,DL,2,42,65.27,0.1
97,OXALATE,DL,2,42,83.844,11.915
98,OXALATE,DL,2,42,82.48,11.088
99,OXALATE,DL,2,42,84.653,10.862
106,PHENOL,DL,2,42,83.403,2.56
107,PHENOL,DL,2,42,78.652,2.441
108,PHENOL,DL,2,42,84.136,2.5
115,CELLULOSE,NI,2,42,44.419,0.083
116,CELLULOSE,NI,2,42,38.914,0.072
117,CELLULOSE,NI,2,42,33.79,0.066
133,OXALATE,NI,2,42,57.439,12.016
134,OXALATE,NI,2,42,57.133,11.995
135,OXALATE,NI,2,42,65.254,11.797
142,PHENOL,NI,2,42,49.617,2.811
143,PHENOL,NI,2,42,45.922,2.59
144,PHENOL,NI,2,42,36.311,2.113
151,CELLULOSE,NR,2,42,58.249,0.181
152,CELLULOSE,NR,2,42,55.362,0.17
153,CELLULOSE,NR,2,42,54.724,0.145
169,OXALATE,NR,2,42,77.526,12.453
170,OXALATE,NR,2,42,86.811,13.131
171,OXALATE,NR,2,42,80.629,12.488
178,PHENOL,NR,2,42,62.669,2.362
179,PHENOL,NR,2,42,63.916,2.323
180,PHENOL,NR,2,42,65.166,2.429
7,CELLULOSE,CTL,3,66,84.042,0.192
8,CELLULOSE,CTL,3,66,89.143,0.174
9,CELLULOSE,CTL,3,66,76.571,0.147
25,OXALATE,CTL,3,66,97.802,13.643
26,OXALATE,CTL,3,66,96.57,11.315
27,OXALATE,CTL,3,66,95.131,10.352
34,PHENOL,CTL,3,66,92.878,2.47
35,PHENOL,CTL,3,66,93.112,2.618
36,PHENOL,CTL,3,66,103.138,2.678
43,CELLULOSE,DW,3,66,111.216,0.211
44,CELLULOSE,DW,3,66,101.568,0.178
45,CELLULOSE,DW,3,66,115.231,0.173
61,OXALATE,DW,3,66,136.675,13.365
62,OXALATE,DW,3,66,152.903,14.487
63,OXALATE,DW,3,66,143.704,12.414
70,PHENOL,DW,3,66,129.387,4.769
71,PHENOL,DW,3,66,138.956,4.516
72,PHENOL,DW,3,66,134.059,4.507
79,CELLULOSE,DL,3,66,,
80,CELLULOSE,DL,3,66,98.262,0.185
81,CELLULOSE,DL,3,66,100.667,0.176
97,OXALATE,DL,3,66,116.186,11.968
98,OXALATE,DL,3,66,,
99,OXALATE,DL,3,66,119.799,11.05
106,PHENOL,DL,3,66,120.385,2.934
107,PHENOL,DL,3,66,106.557,2.646
108,PHENOL,DL,3,66,121.148,2.872
115,CELLULOSE,NI,3,66,64.233,0.139
116,CELLULOSE,NI,3,66,58.169,0.136
117,CELLULOSE,NI,3,66,51.04,0.127
133,OXALATE,NI,3,66,77.238,12.824
134,OXALATE,NI,3,66,75.088,12.393
135,OXALATE,NI,3,66,79.541,11.637
142,PHENOL,NI,3,66,69.554,3.13
143,PHENOL,NI,3,66,64.989,2.949
144,PHENOL,NI,3,66,48.277,2.341
151,CELLULOSE,NR,3,66,84.959,0.178
152,CELLULOSE,NR,3,66,80.728,0.175
153,CELLULOSE,NR,3,66,77.241,0.138
169,OXALATE,NR,3,66,103.726,12.862
170,OXALATE,NR,3,66,117.533,13.559
171,OXALATE,NR,3,66,108.629,12.814
178,PHENOL,NR,3,66,87.067,2.64
179,PHENOL,NR,3,66,87.692,2.572
180,PHENOL,NR,3,66,83.127,2.473
7,CELLULOSE,CTL,5,114,130.97,0.385
8,CELLULOSE,CTL,5,114,138.515,0.349
9,CELLULOSE,CTL,5,114,126.276,0.296
25,OXALATE,CTL,5,114,143.388,14.586
26,OXALATE,CTL,5,114,143.839,12.029
27,OXALATE,CTL,5,114,144.14,11.099
34,PHENOL,CTL,5,114,138.149,2.822
35,PHENOL,CTL,5,114,138.434,3
36,PHENOL,CTL,5,114,152.664,3.057
43,CELLULOSE,DW,5,114,174.791,0.319
44,CELLULOSE,DW,5,114,169.247,0.347
45,CELLULOSE,DW,5,114,184.346,0.287
61,OXALATE,DW,5,114,201.262,13.883
62,OXALATE,DW,5,114,224.711,15.065
63,OXALATE,DW,5,114,215.903,12.909
70,PHENOL,DW,5,114,197.106,5.292
71,PHENOL,DW,5,114,213.679,5.024
72,PHENOL,DW,5,114,205.204,4.997
79,CELLULOSE,DL,5,114,,
80,CELLULOSE,DL,5,114,149.09,0.305
81,CELLULOSE,DL,5,114,153.748,0.312
97,OXALATE,DL,5,114,167.859,12.531
98,OXALATE,DL,5,114,,
99,OXALATE,DL,5,114,178.97,11.582
106,PHENOL,DL,5,114,180.128,3.368
107,PHENOL,DL,5,114,162.274,3.069
108,PHENOL,DL,5,114,182.829,3.305
115,CELLULOSE,NI,5,114,97.738,0.249
116,CELLULOSE,NI,5,114,90.23,0.251
117,CELLULOSE,NI,5,114,82.138,0.231
133,OXALATE,NI,5,114,111.38,13.987
134,OXALATE,NI,5,114,114.033,13.492
135,OXALATE,NI,5,114,113.779,12.626
142,PHENOL,NI,5,114,102.832,3.654
143,PHENOL,NI,5,114,96.782,3.504
144,PHENOL,NI,5,114,77.025,2.94
151,CELLULOSE,NR,5,114,131,0.421
152,CELLULOSE,NR,5,114,125.293,0.407
153,CELLULOSE,NR,5,114,121.917,0.338
169,OXALATE,NR,5,114,151.938,13.814
170,OXALATE,NR,5,114,173.027,14.513
171,OXALATE,NR,5,114,160.695,13.705
178,PHENOL,NR,5,114,132.426,3.067
179,PHENOL,NR,5,114,131.532,3
180,PHENOL,NR,5,114,129.918,2.923
7,CELLULOSE,CTL,6,136,146.757,0.464
8,CELLULOSE,CTL,6,136,159.6,0.433
9,CELLULOSE,CTL,6,136,145.294,0.361
25,OXALATE,CTL,6,136,163.217,14.696
26,OXALATE,CTL,6,136,164.556,12.123
27,OXALATE,CTL,6,136,165.306,11.209
34,PHENOL,CTL,6,136,158.191,2.94
35,PHENOL,CTL,6,136,157.875,3.12
36,PHENOL,CTL,6,136,173.692,3.181
43,CELLULOSE,DW,6,136,204.195,0.373
44,CELLULOSE,DW,6,136,198.444,0.46
45,CELLULOSE,DW,6,136,214.406,0.34
61,OXALATE,DW,6,136,229.787,13.981
62,OXALATE,DW,6,136,256.213,15.177
63,OXALATE,DW,6,136,246.737,13.006
70,PHENOL,DW,6,136,227.628,5.465
71,PHENOL,DW,6,136,246.096,5.188
72,PHENOL,DW,6,136,236.808,5.161
79,CELLULOSE,DL,6,136,,
80,CELLULOSE,DL,6,136,167.257,0.36
81,CELLULOSE,DL,6,136,178.236,0.397
97,OXALATE,DL,6,136,193.191,12.651
98,OXALATE,DL,6,136,,
99,OXALATE,DL,6,136,205.324,11.693
106,PHENOL,DL,6,136,206.824,3.516
107,PHENOL,DL,6,136,186.349,3.206
108,PHENOL,DL,6,136,209.056,3.443
115,CELLULOSE,NI,6,136,112.352,0.344
116,CELLULOSE,NI,6,136,104.157,0.351
117,CELLULOSE,NI,6,136,95.311,0.318
133,OXALATE,NI,6,136,122.551,14.084
134,OXALATE,NI,6,136,128.291,13.637
135,OXALATE,NI,6,136,126.5,12.748
142,PHENOL,NI,6,136,117.397,3.786
143,PHENOL,NI,6,136,110.61,3.647
144,PHENOL,NI,6,136,88.871,3.093
151,CELLULOSE,NR,6,136,152.535,0.619
152,CELLULOSE,NR,6,136,145.295,0.586
153,CELLULOSE,NR,6,136,141.399,0.501
169,OXALATE,NR,6,136,173.307,13.951
170,OXALATE,NR,6,136,197.519,14.654
171,OXALATE,NR,6,136,184.34,13.839
178,PHENOL,NR,6,136,150.393,3.183
179,PHENOL,NR,6,136,149.689,3.116
180,PHENOL,NR,6,136,143.343,3.002
7,CELLULOSE,CTL,7,159,161.6014129,0.545748906
8,CELLULOSE,CTL,7,159,185.6619936,0.540407298
9,CELLULOSE,CTL,7,159,158.9389298,0.413681604
25,OXALATE,CTL,7,159,186.2978278,14.79101619
26,OXALATE,CTL,7,159,189.0965128,12.21067149
27,OXALATE,CTL,7,159,187.677656,11.26893145
34,PHENOL,CTL,7,159,182.4144546,3.068908507
35,PHENOL,CTL,7,159,165.3845922,3.138897527
36,PHENOL,CTL,7,159,198.880848,3.320079147
43,CELLULOSE,DW,7,159,235.2905553,0.431802109
44,CELLULOSE,DW,7,159,207.3598993,0.537190608
45,CELLULOSE,DW,7,159,245.3905266,0.396892853
61,OXALATE,DW,7,159,260.8345503,14.06796814
62,OXALATE,DW,7,159,282.8245971,15.23268472
63,OXALATE,DW,7,159,280.5881322,13.09518368
70,PHENOL,DW,7,159,256.7656062,5.605204665
71,PHENOL,DW,7,159,279.8159404,5.338776365
72,PHENOL,DW,7,159,269.5088254,5.311534819
79,CELLULOSE,DL,7,159,,
80,CELLULOSE,DL,7,159,190.2316067,0.444701534
81,CELLULOSE,DL,7,159,209.2288421,0.530728562
97,OXALATE,DL,7,159,221.5911877,12.74313131
98,OXALATE,DL,7,159,,
99,OXALATE,DL,7,159,235.730723,11.78218475
106,PHENOL,DL,7,159,237.075759,3.66834756
107,PHENOL,DL,7,159,212.4289716,3.340036738
108,PHENOL,DL,7,159,239.1021569,3.588088044
115,CELLULOSE,NI,7,159,128.3744946,0.500091546
116,CELLULOSE,NI,7,159,120.0490941,0.519148244
117,CELLULOSE,NI,7,159,109.9903797,0.467029979
133,OXALATE,NI,7,159,139.6060945,14.25275877
134,OXALATE,NI,7,159,141.6826628,13.68045696
135,OXALATE,NI,7,159,132.4600591,12.6641472
142,PHENOL,NI,7,159,135.5658026,3.930912201
143,PHENOL,NI,7,159,127.4585847,3.796691374
144,PHENOL,NI,7,159,102.6475426,3.231990019
151,CELLULOSE,NR,7,159,174.482393,0.901567473
152,CELLULOSE,NR,7,159,169.505542,0.869977214
153,CELLULOSE,NR,7,159,164.681736,0.755515438
169,OXALATE,NR,7,159,194.6055938,14.04143683
170,OXALATE,NR,7,159,223.1758201,14.7623343
171,OXALATE,NR,7,159,207.3613903,13.9243368
178,PHENOL,NR,7,159,174.6395095,3.336500538
179,PHENOL,NR,7,159,169.8130036,3.231481408
180,PHENOL,NR,7,159,166.0888134,3.145410741
7,CELLULOSE,CTL,8,181,175.232,0.622
8,CELLULOSE,CTL,8,181,210.668,0.643
9,CELLULOSE,CTL,8,181,170.764,0.46
25,OXALATE,CTL,8,181,209.7,14.873
26,OXALATE,CTL,8,181,212.673,12.276
27,OXALATE,CTL,8,181,202.696,11.259
34,PHENOL,CTL,8,181,205.86,3.189
35,PHENOL,CTL,8,181,178.867,3.203
36,PHENOL,CTL,8,181,221.513,3.434
43,CELLULOSE,DW,8,181,266.644,0.498
44,CELLULOSE,DW,8,181,220.365,0.635
45,CELLULOSE,DW,8,181,274.611,0.461
61,OXALATE,DW,8,181,292.829,14.147
62,OXALATE,DW,8,181,312.311,15.301
63,OXALATE,DW,8,181,313.234,13.169
70,PHENOL,DW,8,181,279.205,5.701
71,PHENOL,DW,8,181,315.547,5.497
72,PHENOL,DW,8,181,301.411,5.452
79,CELLULOSE,DL,8,181,,
80,CELLULOSE,DL,8,181,216.736,0.553
81,CELLULOSE,DL,8,181,240.182,0.697
97,OXALATE,DL,8,181,249.99,12.825
98,OXALATE,DL,8,181,,
99,OXALATE,DL,8,181,263.175,11.849
106,PHENOL,DL,8,181,262.372,3.783
107,PHENOL,DL,8,181,237.618,3.46
108,PHENOL,DL,8,181,236.589,3.538
115,CELLULOSE,NI,8,181,144.951,0.713
116,CELLULOSE,NI,8,181,136.534,0.749
117,CELLULOSE,NI,8,181,125.025,0.668
133,OXALATE,NI,8,181,152.365,14.302
134,OXALATE,NI,8,181,147.415,13.594
135,OXALATE,NI,8,181,140.386,12.652
142,PHENOL,NI,8,181,153.364,4.057
143,PHENOL,NI,8,181,144.152,3.926
144,PHENOL,NI,8,181,115.157,3.334
151,CELLULOSE,NR,8,181,196.632,1.234
152,CELLULOSE,NR,8,181,192.867,1.185
153,CELLULOSE,NR,8,181,182.176,1.014
169,OXALATE,NR,8,181,218.001,14.142
170,OXALATE,NR,8,181,250.459,14.872
171,OXALATE,NR,8,181,232.632,14.018
178,PHENOL,NR,8,181,195.619,3.447
179,PHENOL,NR,8,181,186.391,3.31
180,PHENOL,NR,8,181,175.645,3.174
7,CELLULOSE,CTL,9,209,194.116,0.735
8,CELLULOSE,CTL,9,209,240.548,0.775
9,CELLULOSE,CTL,9,209,189.761,0.539
25,OXALATE,CTL,9,209,237.561,14.929
26,OXALATE,CTL,9,209,244.857,12.349
27,OXALATE,CTL,9,209,223.705,11.259
34,PHENOL,CTL,9,209,236.203,3.331
35,PHENOL,CTL,9,209,201.563,3.316
36,PHENOL,CTL,9,209,250.295,3.567
43,CELLULOSE,DW,9,209,305.568,0.593
44,CELLULOSE,DW,9,209,244.787,0.798
45,CELLULOSE,DW,9,209,315.337,0.557
61,OXALATE,DW,9,209,335.287,14.238
62,OXALATE,DW,9,209,352.031,15.38
63,OXALATE,DW,9,209,354.95,13.248
70,PHENOL,DW,9,209,318.115,5.876
71,PHENOL,DW,9,209,360.455,5.679
72,PHENOL,DW,9,209,342.853,5.621
79,CELLULOSE,DL,9,209,,
80,CELLULOSE,DL,9,209,244.332,0.694
81,CELLULOSE,DL,9,209,274.467,0.928
97,OXALATE,DL,9,209,281.924,12.897
98,OXALATE,DL,9,209,,
99,OXALATE,DL,9,209,297.485,11.926
106,PHENOL,DL,9,209,301.548,3.958
107,PHENOL,DL,9,209,274.215,3.63
108,PHENOL,DL,9,209,268.629,3.677
115,CELLULOSE,NI,9,209,166.209,1.076
116,CELLULOSE,NI,9,209,157.341,1.143
117,CELLULOSE,NI,9,209,142.612,0.996
133,OXALATE,NI,9,209,161.009,14.253
134,OXALATE,NI,9,209,154.671,13.535
135,OXALATE,NI,9,209,154.552,12.705
142,PHENOL,NI,9,209,174.903,4.191
143,PHENOL,NI,9,209,163.814,4.056
144,PHENOL,NI,9,209,126.083,3.378
151,CELLULOSE,NR,9,209,224.934,1.729
152,CELLULOSE,NR,9,209,223.123,1.662
153,CELLULOSE,NR,9,209,199.47,1.342
169,OXALATE,NR,9,209,242.186,14.167
170,OXALATE,NR,9,209,285.684,14.978
171,OXALATE,NR,9,209,264.896,14.103
178,PHENOL,NR,9,209,222.435,3.578
179,PHENOL,NR,9,209,202.824,3.371
180,PHENOL,NR,9,209,194.256,3.258
7,CELLULOSE,CTL,10,232,215.29,0.844
8,CELLULOSE,CTL,10,232,262.763,0.864
9,CELLULOSE,CTL,10,232,209.369,0.614
25,OXALATE,CTL,10,232,254.255,14.986
26,OXALATE,CTL,10,232,262.631,12.398
27,OXALATE,CTL,10,232,241.769,11.306
34,PHENOL,CTL,10,232,252.856,3.412
35,PHENOL,CTL,10,232,219.013,3.41
36,PHENOL,CTL,10,232,267.773,3.655
43,CELLULOSE,DW,10,232,331.306,0.656
44,CELLULOSE,DW,10,232,271.86,0.957
45,CELLULOSE,DW,10,232,341.978,0.62
61,OXALATE,DW,10,232,359.462,14.29
62,OXALATE,DW,10,232,378.458,15.439
63,OXALATE,DW,10,232,380.223,13.3
70,PHENOL,DW,10,232,343.059,5.988
71,PHENOL,DW,10,232,388.998,5.795
72,PHENOL,DW,10,232,369.267,5.729
79,CELLULOSE,DL,10,232,,
80,CELLULOSE,DL,10,232,266.483,0.805
81,CELLULOSE,DL,10,232,297.32,1.078
97,OXALATE,DL,10,232,302.996,12.952
98,OXALATE,DL,10,232,,
99,OXALATE,DL,10,232,320.782,11.983
106,PHENOL,DL,10,232,324.515,4.061
107,PHENOL,DL,10,232,296.58,3.733
108,PHENOL,DL,10,232,293.274,3.783
115,CELLULOSE,NI,10,232,181.372,1.34
116,CELLULOSE,NI,10,232,171.921,1.426
117,CELLULOSE,NI,10,232,157.653,1.269
133,OXALATE,NI,10,232,177.344,14.383
134,OXALATE,NI,10,232,171.013,13.638
135,OXALATE,NI,10,232,169.037,12.798
142,PHENOL,NI,10,232,189.795,4.299
143,PHENOL,NI,10,232,178.329,4.171
144,PHENOL,NI,10,232,139.459,3.498
151,CELLULOSE,NR,10,232,244.971,2.043
152,CELLULOSE,NR,10,232,242.895,1.952
153,CELLULOSE,NR,10,232,218.32,1.607
169,OXALATE,NR,10,232,262.289,14.251
170,OXALATE,NR,10,232,308.377,15.062
171,OXALATE,NR,10,232,286.298,14.182
178,PHENOL,NR,10,232,239.719,3.669
179,PHENOL,NR,10,232,220.902,3.465
180,PHENOL,NR,10,232,212.436,3.357
7,CELLULOSE,CTL,11,259,237.5561093,0.97161614
8,CELLULOSE,CTL,11,259,288.6853066,0.975423303
9,CELLULOSE,CTL,11,259,233.7406077,0.714206275
25,OXALATE,CTL,11,259,276.6364528,15.03950599
26,OXALATE,CTL,11,259,286.9785996,12.44831671
27,OXALATE,CTL,11,259,263.741208,11.34858053
34,PHENOL,CTL,11,259,271.8350174,3.494155172
35,PHENOL,CTL,11,259,242.0850942,3.518827488
36,PHENOL,CTL,11,259,292.6256026,3.765303255
43,CELLULOSE,DW,11,259,364.899648,0.740525152
44,CELLULOSE,DW,11,259,301.716734,1.136109946
45,CELLULOSE,DW,11,259,377.8029921,0.712931019
61,OXALATE,DW,11,259,391.408232,14.34672854
62,OXALATE,DW,11,259,412.9018938,15.5044367
63,OXALATE,DW,11,259,415.6115294,13.36256539
70,PHENOL,DW,11,259,376.7586207,6.124976415
71,PHENOL,DW,11,259,426.546934,5.931637515
72,PHENOL,DW,11,259,405.6076893,5.862794401
79,CELLULOSE,DL,11,259,,
80,CELLULOSE,DL,11,259,295.0091284,0.957667863
81,CELLULOSE,DL,11,259,328.013252,1.300792518
97,OXALATE,DL,11,259,325.2138344,12.99782649
98,OXALATE,DL,11,259,,
99,OXALATE,DL,11,259,352.1313789,12.04427193
106,PHENOL,DL,11,259,355.4031119,4.18347696
107,PHENOL,DL,11,259,324.9874963,3.849973508
108,PHENOL,DL,11,259,323.3795313,3.899864263
115,CELLULOSE,NI,11,259,199.2262587,1.702748807
116,CELLULOSE,NI,11,259,190.0586539,1.835746919
117,CELLULOSE,NI,11,259,175.6195411,1.66731097
133,OXALATE,NI,11,259,192.4573552,14.47421702
134,OXALATE,NI,11,259,186.9805335,13.70298796
135,OXALATE,NI,11,259,185.7225423,12.86835097
142,PHENOL,NI,11,259,207.6914492,4.403978134
143,PHENOL,NI,11,259,194.9540632,4.275031587
144,PHENOL,NI,11,259,154.2273013,3.600308292
151,CELLULOSE,NR,11,259,269.6275699,2.425929885
152,CELLULOSE,NR,11,259,267.695175,2.323132221
153,CELLULOSE,NR,11,259,238.8584034,1.885768364
169,OXALATE,NR,11,259,285.9432877,14.32289212
170,OXALATE,NR,11,259,335.7853022,15.13860707
171,OXALATE,NR,11,259,312.6120599,14.25482212
178,PHENOL,NR,11,259,261.5493957,3.769092353
179,PHENOL,NR,11,259,242.5416566,3.562463126
180,PHENOL,NR,11,259,234.4797087,3.459197952
7,CELLULOSE,CTL,12,280,254.89595,1.076494342
8,CELLULOSE,CTL,12,280,309.9301057,1.070484268
9,CELLULOSE,CTL,12,280,246.6484223,0.775273615
25,OXALATE,CTL,12,280,292.5119629,15.07333895
26,OXALATE,CTL,12,280,305.6192245,12.48387903
27,OXALATE,CTL,12,280,277.1780701,11.37234437
34,PHENOL,CTL,12,280,284.0337437,3.544447334
35,PHENOL,CTL,12,280,259.1146605,3.596190942
36,PHENOL,CTL,12,280,310.6749846,3.843203164
43,CELLULOSE,DW,12,280,383.2228838,0.793893587
44,CELLULOSE,DW,12,280,326.540734,1.292367449
45,CELLULOSE,DW,12,280,405.7636128,0.791932047
61,OXALATE,DW,12,280,416.9242371,14.39234062
62,OXALATE,DW,12,280,437.856905,15.54853675
63,OXALATE,DW,12,280,442.9068952,13.40781439
70,PHENOL,DW,12,280,403.6384725,6.229243187
71,PHENOL,DW,12,280,455.3982467,6.03209493
72,PHENOL,DW,12,280,432.7111071,5.959700105
79,CELLULOSE,DL,12,280,,
80,CELLULOSE,DL,12,280,311.2464813,1.056121908
81,CELLULOSE,DL,12,280,348.9694533,1.476408453
97,OXALATE,DL,12,280,341.8992581,13.02928858
98,OXALATE,DL,12,280,,
99,OXALATE,DL,12,280,375.5924377,12.08707461
106,PHENOL,DL,12,280,380.9895368,4.28505482
107,PHENOL,DL,12,280,346.7990112,3.9384793
108,PHENOL,DL,12,280,342.030515,3.971149472
115,CELLULOSE,NI,12,280,213.2017478,2.020938722
116,CELLULOSE,NI,12,280,203.850828,2.195793382
117,CELLULOSE,NI,12,280,187.1055142,1.965948817
133,OXALATE,NI,12,280,201.4805511,14.51672602
134,OXALATE,NI,12,280,196.0845625,13.72926615
135,OXALATE,NI,12,280,195.7109796,12.89950444
142,PHENOL,NI,12,280,221.529118,4.482477239
143,PHENOL,NI,12,280,207.4442806,4.349797491
144,PHENOL,NI,12,280,162.8355275,3.653501262
151,CELLULOSE,NR,12,280,288.2195122,2.715423252
152,CELLULOSE,NR,12,280,287.4260219,2.622680622
153,CELLULOSE,NR,12,280,252.6436037,2.071555451
169,OXALATE,NR,12,280,303.1950348,14.36436695
170,OXALATE,NR,12,280,356.779793,15.18706587
171,OXALATE,NR,12,280,332.1000977,14.29974018
178,PHENOL,NR,12,280,276.9031014,3.833747698
179,PHENOL,NR,12,280,253.2678286,3.606160642
180,PHENOL,NR,12,280,249.4866327,3.524657549
7,CELLULOSE,CTL,13,304,272.4584206,1.191738875
8,CELLULOSE,CTL,13,304,320.6092344,1.124739246
9,CELLULOSE,CTL,13,304,260.0710822,0.845763115
25,OXALATE,CTL,13,304,310.085534,15.10622694
26,OXALATE,CTL,13,304,327.9213019,12.52292582
27,OXALATE,CTL,13,304,293.8567322,11.39948738
34,PHENOL,CTL,13,304,297.3183748,3.596755944
35,PHENOL,CTL,13,304,280.7749473,3.689459973
36,PHENOL,CTL,13,304,332.3365705,3.931415603
43,CELLULOSE,DW,13,304,400.559184,0.847482117
44,CELLULOSE,DW,13,304,336.2556544,1.370052919
45,CELLULOSE,DW,13,304,435.5718747,0.88916383
61,OXALATE,DW,13,304,443.2228757,14.43523484
62,OXALATE,DW,13,304,463.6519368,15.59117904
63,OXALATE,DW,13,304,472.8651657,13.45484233
70,PHENOL,DW,13,304,434.3846463,6.345830714
71,PHENOL,DW,13,304,488.1772101,6.141822128
72,PHENOL,DW,13,304,464.4716728,6.066364908
79,CELLULOSE,DL,13,304,,
80,CELLULOSE,DL,13,304,333.5512784,1.19949186
81,CELLULOSE,DL,13,304,376.1297838,1.704272755
97,OXALATE,DL,13,304,357.6716177,13.056023
98,OXALATE,DL,13,304,,
99,OXALATE,DL,13,304,401.8693822,12.13167556
106,PHENOL,DL,13,304,407.2588915,4.377447401
107,PHENOL,DL,13,304,356.1127804,3.966536309
108,PHENOL,DL,13,304,357.0045247,4.020851899
115,CELLULOSE,NI,13,304,229.7920135,2.430761894
116,CELLULOSE,NI,13,304,219.2614046,2.645236756
117,CELLULOSE,NI,13,304,200.0543461,2.32008914
133,OXALATE,NI,13,304,211.8317907,14.56679166
134,OXALATE,NI,13,304,204.1578416,13.75207412
135,OXALATE,NI,13,304,207.5925607,12.9419536
142,PHENOL,NI,13,304,236.9937328,4.557228062
143,PHENOL,NI,13,304,220.7593943,4.417790345
144,PHENOL,NI,13,304,174.3427145,3.716940772
151,CELLULOSE,NR,13,304,309.9467491,3.052160197
152,CELLULOSE,NR,13,304,310.6102151,2.968276343
153,CELLULOSE,NR,13,304,267.3305484,2.25896354
169,OXALATE,NR,13,304,322.4911193,14.41404819
170,OXALATE,NR,13,304,383.58062,15.25539722
171,OXALATE,NR,13,304,356.4053412,14.35993807
178,PHENOL,NR,13,304,296.308613,3.914331321
179,PHENOL,NR,13,304,271.7841126,3.681029377
180,PHENOL,NR,13,304,268.4330321,3.602255906
7,CELLULOSE,CTL,14,328,291.1807245,1.31837069
8,CELLULOSE,CTL,14,328,344.3302976,1.237187924
9,CELLULOSE,CTL,14,328,274.6428039,0.925471115
25,OXALATE,CTL,14,328,317.5815837,15.11568077
26,OXALATE,CTL,14,328,349.6814006,12.56098725
27,OXALATE,CTL,14,328,303.540539,11.41306114
34,PHENOL,CTL,14,328,308.6654739,3.639685529
35,PHENOL,CTL,14,328,300.7017463,3.774586787
36,PHENOL,CTL,14,328,348.9459122,3.998289015
43,CELLULOSE,DW,14,328,417.1641531,0.902067453
44,CELLULOSE,DW,14,328,356.5584547,1.517586826
45,CELLULOSE,DW,14,328,471.3229336,1.00488793
61,OXALATE,DW,14,328,475.1116288,14.48725929
62,OXALATE,DW,14,328,492.9131929,15.6386839
63,OXALATE,DW,14,328,508.6264558,13.51094007
70,PHENOL,DW,14,328,468.2919513,6.47326107
71,PHENOL,DW,14,328,520.237785,6.248995755
72,PHENOL,DW,14,328,488.4189689,6.144759552
79,CELLULOSE,DL,14,328,,
80,CELLULOSE,DL,14,328,353.8980208,1.340572998
81,CELLULOSE,DL,14,328,397.9981939,1.899500087
97,OXALATE,DL,14,328,371.5927635,13.0777912
98,OXALATE,DL,14,328,,
99,OXALATE,DL,14,328,426.779048,12.17238608
106,PHENOL,DL,14,328,436.8712546,4.49383959
107,PHENOL,DL,14,328,376.4435726,4.04387478
108,PHENOL,DL,14,328,375.7610158,4.088816057
115,CELLULOSE,NI,14,328,248.3266878,2.911326361
116,CELLULOSE,NI,14,328,233.8958795,3.110724846
117,CELLULOSE,NI,14,328,215.7218183,2.785215727
133,OXALATE,NI,14,328,219.5494479,14.59253486
134,OXALATE,NI,14,328,213.1462597,13.76965441
135,OXALATE,NI,14,328,219.9142404,12.97008057
142,PHENOL,NI,14,328,255.6052126,4.664686794
143,PHENOL,NI,14,328,235.2887354,4.49960909
144,PHENOL,NI,14,328,187.0840289,3.791128964
151,CELLULOSE,NR,14,328,334.4917745,3.408626137
152,CELLULOSE,NR,14,328,336.8604504,3.335112763
153,CELLULOSE,NR,14,328,278.1708278,2.382301183
169,OXALATE,NR,14,328,341.7214648,14.44960135
170,OXALATE,NR,14,328,410.2535645,15.30510809
171,OXALATE,NR,14,328,380.4498434,14.40572054
178,PHENOL,NR,14,328,312.728747,3.976725044
179,PHENOL,NR,14,328,283.7159358,3.724832807
180,PHENOL,NR,14,328,287.5727838,3.679433982
7,CELLULOSE,CTL,15,352,,
8,CELLULOSE,CTL,15,352,365.2593455,1.342099705
9,CELLULOSE,CTL,15,352,288.4251582,1.00544751
25,OXALATE,CTL,15,352,324.8733335,15.12613497
26,OXALATE,CTL,15,352,375.6984993,12.60355105
27,OXALATE,CTL,15,352,319.1678193,11.43605736
34,PHENOL,CTL,15,352,328.5396219,3.715705282
35,PHENOL,CTL,15,352,326.8129041,3.880197287
36,PHENOL,CTL,15,352,368.3549075,4.071660697
43,CELLULOSE,DW,15,352,450.6393515,1.017530503
44,CELLULOSE,DW,15,352,369.1807362,1.619539941
45,CELLULOSE,DW,15,352,508.1620088,1.130441037
61,OXALATE,DW,15,352,510.2695166,14.54552555
62,OXALATE,DW,15,352,525.7709224,15.69003919
63,OXALATE,DW,15,352,547.3114663,13.57116721
70,PHENOL,DW,15,352,505.2962187,6.610807457
71,PHENOL,DW,15,352,558.7100038,6.369448536
72,PHENOL,DW,15,352,517.741203,6.234574997
79,CELLULOSE,DL,15,352,,
80,CELLULOSE,DL,15,352,379.4987808,1.513500422
81,CELLULOSE,DL,15,352,424.7004577,2.112677219
97,OXALATE,DL,15,352,395.6460763,13.11855948
98,OXALATE,DL,15,352,,
99,OXALATE,DL,15,352,459.2078469,12.2278375
106,PHENOL,DL,15,352,463.9966427,4.577568855
107,PHENOL,DL,15,352,395.6179982,4.106673758
108,PHENOL,DL,15,352,388.3410148,4.127288272
115,CELLULOSE,NI,15,352,265.8154882,3.37813783
116,CELLULOSE,NI,15,352,251.5952839,3.661608858
117,CELLULOSE,NI,15,352,231.994099,3.234469785
133,OXALATE,NI,15,352,229.181733,14.63077851
134,OXALATE,NI,15,352,223.4711603,13.7989979
135,OXALATE,NI,15,352,235.7117634,13.02980619
142,PHENOL,NI,15,352,271.5247973,4.722537491
143,PHENOL,NI,15,352,251.7574639,4.570946696
144,PHENOL,NI,15,352,191.7163125,3.79857216
151,CELLULOSE,NR,15,352,344.7784355,3.504960765
152,CELLULOSE,NR,15,352,364.7373584,3.670869424
153,CELLULOSE,NR,15,352,294.3169972,2.546835884
169,OXALATE,NR,15,352,352.2686579,14.46993798
170,OXALATE,NR,15,352,440.2255783,15.40708848
171,OXALATE,NR,15,352,409.7009304,14.47707922
178,PHENOL,NR,15,352,330.2565115,4.042646617
179,PHENOL,NR,15,352,296.218181,3.768906239
180,PHENOL,NR,15,352,298.7391035,3.716517252
7,CELLULOSE,CTL,16,376,,
8,CELLULOSE,CTL,16,376,394.8170818,1.489271824
9,CELLULOSE,CTL,16,376,310.8840658,1.131634665
25,OXALATE,CTL,16,376,342.9301033,15.15713519
26,OXALATE,CTL,16,376,402.5757991,12.65007574
27,OXALATE,CTL,16,376,324.5577263,11.44042478
34,PHENOL,CTL,16,376,349.6693853,3.79637659
35,PHENOL,CTL,16,376,350.8109154,3.978560743
36,PHENOL,CTL,16,376,386.4553103,4.140500415
43,CELLULOSE,DW,16,376,488.0844102,1.147773495
44,CELLULOSE,DW,16,376,389.4877844,1.773491851
45,CELLULOSE,DW,16,376,545.8160683,1.258097943
61,OXALATE,DW,16,376,549.2421288,14.60808264
62,OXALATE,DW,16,376,559.4153284,15.74019763
63,OXALATE,DW,16,376,594.5733031,13.64024397
70,PHENOL,DW,16,376,546.2620978,6.761947938
71,PHENOL,DW,16,376,599.9561633,6.501155417
72,PHENOL,DW,16,376,550.7651669,6.339569751
79,CELLULOSE,DL,16,376,,
80,CELLULOSE,DL,16,376,402.6588151,1.681993777
81,CELLULOSE,DL,16,376,447.1078591,2.297717041
97,OXALATE,DL,16,376,422.3881709,13.16181228
98,OXALATE,DL,16,376,,
99,OXALATE,DL,16,376,490.4827511,12.27626639
106,PHENOL,DL,16,376,496.4147778,4.704525631
107,PHENOL,DL,16,376,420.1444314,4.196376202
108,PHENOL,DL,16,376,400.3263854,4.166462653
115,CELLULOSE,NI,16,376,281.630591,3.784998488
116,CELLULOSE,NI,16,376,265.8812779,4.109727026
117,CELLULOSE,NI,16,376,248.788901,3.668413661
133,OXALATE,NI,16,376,238.1378119,14.6495308
134,OXALATE,NI,16,376,230.9518602,13.80361856
135,OXALATE,NI,16,376,252.2738933,13.05633978
142,PHENOL,NI,16,376,291.7907977,4.836894666
143,PHENOL,NI,16,376,267.3338336,4.657935806
144,PHENOL,NI,16,376,200.509296,3.842102126
151,CELLULOSE,NR,16,376,365.5341342,3.733477979
152,CELLULOSE,NR,16,376,392.8853139,4.007648365
153,CELLULOSE,NR,16,376,315.5010815,2.757563606
169,OXALATE,NR,16,376,374.4836042,14.50744238
170,OXALATE,NR,16,376,466.4243073,15.41156182
171,OXALATE,NR,16,376,428.9124054,14.49929515
178,PHENOL,NR,16,376,348.0761657,4.108722496
179,PHENOL,NR,16,376,305.4712075,3.799182645
180,PHENOL,NR,16,376,,
7,CELLULOSE,CTL,17,397,,
8,CELLULOSE,CTL,17,397,417.7349195,1.595589153
9,CELLULOSE,CTL,17,397,332.9475436,1.249012133
25,OXALATE,CTL,17,397,367.1189632,15.19646892
26,OXALATE,CTL,17,397,424.8160931,12.68490675
27,OXALATE,CTL,17,397,346.0854174,11.47327667
34,PHENOL,CTL,17,397,368.7640063,3.86871135
35,PHENOL,CTL,17,397,370.9525982,4.062577641
36,PHENOL,CTL,17,397,406.3870686,4.218205489
43,CELLULOSE,DW,17,397,515.6451455,1.240700841
44,CELLULOSE,DW,17,397,421.797585,1.993189172
45,CELLULOSE,DW,17,397,578.1140805,1.362035992
61,OXALATE,DW,17,397,576.8714905,14.64844423
62,OXALATE,DW,17,397,590.6995078,15.78627288
63,OXALATE,DW,17,397,624.6769258,13.68315761
70,PHENOL,DW,17,397,575.0126118,6.85824892
71,PHENOL,DW,17,397,631.7468727,6.599627223
72,PHENOL,DW,17,397,581.1780235,6.434748531
79,CELLULOSE,DL,17,397,,
80,CELLULOSE,DL,17,397,427.594737,1.846370718
81,CELLULOSE,DL,17,397,472.8262847,2.489846713
97,OXALATE,DL,17,397,447.1518355,13.20159068
98,OXALATE,DL,17,397,,
99,OXALATE,DL,17,397,520.3665696,12.32021971
106,PHENOL,DL,17,397,524.3883326,4.795893404
107,PHENOL,DL,17,397,446.5177966,4.285645503
108,PHENOL,DL,17,397,428.6937713,4.25945461
115,CELLULOSE,NI,17,397,298.7952634,4.185782492
116,CELLULOSE,NI,17,397,284.4581593,4.558424203
117,CELLULOSE,NI,17,397,266.7448362,4.062748514
133,OXALATE,NI,17,397,255.8535826,14.71664113
134,OXALATE,NI,17,397,248.8558821,13.85190506
135,OXALATE,NI,17,397,269.6255441,13.10275744
142,PHENOL,NI,17,397,309.598333,4.918448001
143,PHENOL,NI,17,397,285.9472365,4.744346521
144,PHENOL,NI,17,397,217.9182731,3.929556508
151,CELLULOSE,NR,17,397,393.4288981,3.993658983
152,CELLULOSE,NR,17,397,417.0194147,4.269568271
153,CELLULOSE,NR,17,397,344.8163526,2.984808557
169,OXALATE,NR,17,397,397.3160837,14.55415414
170,OXALATE,NR,17,397,493.1627935,15.46263897
171,OXALATE,NR,17,397,452.4949892,14.54613951
178,PHENOL,NR,17,397,369.1339149,4.189158797
179,PHENOL,NR,17,397,327.8388288,3.8830488
180,PHENOL,NR,17,397,,
7,CELLULOSE,CTL,18,429,,
8,CELLULOSE,CTL,18,429,445.1090215,1.736139811
9,CELLULOSE,CTL,18,429,354.6328424,1.382337049
25,OXALATE,CTL,18,429,391.711492,15.23547253
26,OXALATE,CTL,18,429,451.3751691,12.72519772
27,OXALATE,CTL,18,429,369.4499383,11.50629379
34,PHENOL,CTL,18,429,392.2395822,3.95325377
35,PHENOL,CTL,18,429,394.2127048,4.152799664
36,PHENOL,CTL,18,429,430.1521541,4.305488494
43,CELLULOSE,DW,18,429,550.3973304,1.367738098
44,CELLULOSE,DW,18,429,452.0514448,2.241908986
45,CELLULOSE,DW,18,429,615.5548561,1.508328336
61,OXALATE,DW,18,429,612.9596101,14.6987298
62,OXALATE,DW,18,429,630.1093205,15.84174671
63,OXALATE,DW,18,429,662.9438047,13.73494224
70,PHENOL,DW,18,429,612.9581,6.978451043
71,PHENOL,DW,18,429,674.801128,6.725570459
72,PHENOL,DW,18,429,623.2934263,6.557172489
79,CELLULOSE,DL,18,429,,
80,CELLULOSE,DL,18,429,457.6155369,2.043877754
81,CELLULOSE,DL,18,429,506.7418983,2.73566186
97,OXALATE,DL,18,429,479.6296734,13.25065074
98,OXALATE,DL,18,429,,
99,OXALATE,DL,18,429,556.1575484,12.37085365
106,PHENOL,DL,18,429,557.6268233,4.908044651
107,PHENOL,DL,18,429,478.7013468,4.393174791
108,PHENOL,DL,18,429,462.7899114,4.370442323
115,CELLULOSE,NI,18,429,318.0271554,4.662140497
116,CELLULOSE,NI,18,429,303.3554956,5.058175302
117,CELLULOSE,NI,18,429,284.8079625,4.503327831
133,OXALATE,NI,18,429,275.1886957,14.78953154
134,OXALATE,NI,18,429,265.9617188,13.89335081
135,OXALATE,NI,18,429,285.4772883,13.14213996
142,PHENOL,NI,18,429,329.4450606,5.004140909
143,PHENOL,NI,18,429,305.4575315,4.832138233
144,PHENOL,NI,18,429,234.5007018,4.008176438
151,CELLULOSE,NR,18,429,422.6020283,4.268196906
152,CELLULOSE,NR,18,429,445.262262,4.553821129
153,CELLULOSE,NR,18,429,368.0463973,3.180879749
169,OXALATE,NR,18,429,421.647069,14.59885343
170,OXALATE,NR,18,429,520.5104811,15.51123074
171,OXALATE,NR,18,429,477.7482733,14.59087202
178,PHENOL,NR,18,429,391.1764115,4.268752731
179,PHENOL,NR,18,429,347.6949963,3.952748735
180,PHENOL,NR,18,429,,
7,CELLULOSE,CTL,19,447,,
8,CELLULOSE,CTL,19,447,460.8240757,1.822169365
9,CELLULOSE,CTL,19,447,364.8923746,1.450017262
25,OXALATE,CTL,19,447,395.639091,15.24098688
26,OXALATE,CTL,19,447,464.5171193,12.74156865
27,OXALATE,CTL,19,447,381.1085302,11.52158113
34,PHENOL,CTL,19,447,406.9690205,4.0052345
35,PHENOL,CTL,19,447,408.6897196,4.207766927
36,PHENOL,CTL,19,447,444.9804715,4.358987786
43,CELLULOSE,DW,19,447,567.9637556,1.432126887
44,CELLULOSE,DW,19,447,464.6491484,2.360813332
45,CELLULOSE,DW,19,447,636.7888919,1.595858209
61,OXALATE,DW,19,447,631.2194494,14.72378279
62,OXALATE,DW,19,447,649.442482,15.86838207
63,OXALATE,DW,19,447,682.8056914,13.76111538
70,PHENOL,DW,19,447,631.9951909,7.038465992
71,PHENOL,DW,19,447,695.833238,6.785988418
72,PHENOL,DW,19,447,644.0339507,6.616676877
79,CELLULOSE,DL,19,447,,
80,CELLULOSE,DL,19,447,473.8172144,2.153989763
81,CELLULOSE,DL,19,447,519.7499273,2.828156301
97,OXALATE,DL,19,447,493.8463324,13.27063563
98,OXALATE,DL,19,447,,
99,OXALATE,DL,19,447,573.7700062,12.39399737
106,PHENOL,DL,19,447,574.6355127,4.964018825
107,PHENOL,DL,19,447,490.9577093,4.4319268
108,PHENOL,DL,19,447,480.6870034,4.425657291
115,CELLULOSE,NI,19,447,329.876427,4.945055579
116,CELLULOSE,NI,19,447,313.3565971,5.303756507
117,CELLULOSE,NI,19,447,295.8157191,4.766814476
133,OXALATE,NI,19,447,286.0136408,14.82582536
134,OXALATE,NI,19,447,273.0758477,13.90522004
135,OXALATE,NI,19,447,292.6704526,13.1546163
142,PHENOL,NI,19,447,340.8581215,5.053858344
143,PHENOL,NI,19,447,316.7003271,4.882575058
144,PHENOL,NI,19,447,242.5407145,4.045109936
151,CELLULOSE,NR,19,447,436.4039635,4.395647217
152,CELLULOSE,NR,19,447,459.3068905,4.690368822
153,CELLULOSE,NR,19,447,376.1448541,3.244324196
169,OXALATE,NR,19,447,435.7347463,14.62498981
170,OXALATE,NR,19,447,537.6312627,15.54170203
171,OXALATE,NR,19,447,493.4066167,14.61883812
178,PHENOL,NR,19,447,404.5084846,4.315093075
179,PHENOL,NR,19,447,357.3394069,3.986405785
180,PHENOL,NR,19,447,,
7,CELLULOSE,CTL,20,473,,
8,CELLULOSE,CTL,20,473,483.6487978,1.947352877
9,CELLULOSE,CTL,20,473,378.3221748,1.539726636
25,OXALATE,CTL,20,473,408.3462666,15.25952051
26,OXALATE,CTL,20,473,486.2988084,12.77835891
27,OXALATE,CTL,20,473,400.8427726,11.54965908
34,PHENOL,CTL,20,473,426.1277505,4.071416586
35,PHENOL,CTL,20,473,426.0343107,4.271696294
36,PHENOL,CTL,20,473,463.948365,4.425787649
43,CELLULOSE,DW,20,473,584.4062459,1.495940995
44,CELLULOSE,DW,20,473,480.2133599,2.529000215
45,CELLULOSE,DW,20,473,667.8534483,1.730180481
61,OXALATE,DW,20,473,659.4977179,14.7626467
62,OXALATE,DW,20,473,679.3965357,15.90934637
63,OXALATE,DW,20,473,713.6944534,13.80161961
70,PHENOL,DW,20,473,663.6341198,7.134985752
71,PHENOL,DW,20,473,730.3109188,6.881837249
72,PHENOL,DW,20,473,676.1236291,6.706411571
79,CELLULOSE,DL,20,473,,
80,CELLULOSE,DL,20,473,497.7994054,2.317305284
81,CELLULOSE,DL,20,473,545.6400845,3.009595456
97,OXALATE,DL,20,473,501.2970703,13.28072737
98,OXALATE,DL,20,473,,
99,OXALATE,DL,20,473,597.4037869,12.42718052
106,PHENOL,DL,20,473,598.7504349,5.045223027
107,PHENOL,DL,20,473,505.1129374,4.47761846
108,PHENOL,DL,20,473,506.8604938,4.507589932
115,CELLULOSE,NI,20,473,345.6002434,5.344161636
116,CELLULOSE,NI,20,473,326.113953,5.621300872
117,CELLULOSE,NI,20,473,310.5628842,5.129584642
133,OXALATE,NI,20,473,301.0077379,14.88966284
134,OXALATE,NI,20,473,281.9151663,13.92713419
135,OXALATE,NI,20,473,300.9778731,13.17680674
142,PHENOL,NI,20,473,357.6336992,5.119811283
143,PHENOL,NI,20,473,330.9434196,4.939362101
144,PHENOL,NI,20,473,248.599651,4.068303664
151,CELLULOSE,NR,20,473,458.5837289,4.590409674
152,CELLULOSE,NR,20,473,482.5669106,4.898828715
153,CELLULOSE,NR,20,473,395.7508505,3.390484085
169,OXALATE,NR,20,473,449.0113646,14.64584993
170,OXALATE,NR,20,473,559.6182995,15.57696388
171,OXALATE,NR,20,473,510.348269,14.64565049
178,PHENOL,NR,20,473,419.1440728,4.365494553
179,PHENOL,NR,20,473,367.7794257,4.020067928
180,PHENOL,NR,20,473,,
7,CELLULOSE,CTL,21,496,,
8,CELLULOSE,CTL,21,496,506.4253081,2.083557706
9,CELLULOSE,CTL,21,496,387.0352395,1.606159202
25,OXALATE,CTL,21,496,418.3040268,15.2726765
26,OXALATE,CTL,21,496,504.4715345,12.79760825
27,OXALATE,CTL,21,496,397.9998654,11.54327315
34,PHENOL,CTL,21,496,442.5683359,4.128162819
35,PHENOL,CTL,21,496,444.1364754,4.338791625
36,PHENOL,CTL,21,496,483.1318107,4.494131282
43,CELLULOSE,DW,21,496,609.8468451,1.590658125
44,CELLULOSE,DW,21,496,495.3405519,2.69384981
45,CELLULOSE,DW,21,496,698.1534145,1.864288776
61,OXALATE,DW,21,496,685.5752012,14.79865437
62,OXALATE,DW,21,496,705.9719908,15.94539319
63,OXALATE,DW,21,496,741.7726035,13.83805837
70,PHENOL,DW,21,496,692.1351951,7.231532143
71,PHENOL,DW,21,496,761.6373608,6.969338714
72,PHENOL,DW,21,496,687.5834449,6.736969064
79,CELLULOSE,DL,21,496,,
80,CELLULOSE,DL,21,496,509.8971295,2.402255231
81,CELLULOSE,DL,21,496,568.4564617,3.169806002
97,OXALATE,DL,21,496,510.1149392,13.29098305
98,OXALATE,DL,21,496,,
99,OXALATE,DL,21,496,617.0679929,12.4516354
106,PHENOL,DL,21,496,618.0208305,5.100101746
107,PHENOL,DL,21,496,524.378571,4.538170186
108,PHENOL,DL,21,496,520.7225055,4.548030507
115,CELLULOSE,NI,21,496,359.7317272,5.671451896
116,CELLULOSE,NI,21,496,335.951231,5.828881682
117,CELLULOSE,NI,21,496,322.2453248,5.384207179
133,OXALATE,NI,21,496,314.9870943,14.92543856
134,OXALATE,NI,21,496,291.7554197,13.94314192
135,OXALATE,NI,21,496,309.6483776,13.18955734
142,PHENOL,NI,21,496,374.2123474,5.193695816
143,PHENOL,NI,21,496,343.0333397,4.991013352
144,PHENOL,NI,21,496,257.252011,4.104551334
151,CELLULOSE,NR,21,496,453.8379984,4.534248803
152,CELLULOSE,NR,21,496,501.4612608,5.057703032
153,CELLULOSE,NR,21,496,406.9723588,3.467015371
169,OXALATE,NR,21,496,462.6227573,14.67037528
170,OXALATE,NR,21,496,585.5000447,15.6242439
171,OXALATE,NR,21,496,530.4130093,14.68194992
178,PHENOL,NR,21,496,435.7658874,4.422041882
179,PHENOL,NR,21,496,384.0520354,4.077084698
180,PHENOL,NR,21,496,,
7,CELLULOSE,CTL,22,518,,
8,CELLULOSE,CTL,22,518,529.4193276,2.211524043
9,CELLULOSE,CTL,22,518,400.5929184,1.700222914
25,OXALATE,CTL,22,518,426.429131,15.28436181
26,OXALATE,CTL,22,518,525.6831769,12.83821228
27,OXALATE,CTL,22,518,414.0989505,11.5656137
34,PHENOL,CTL,22,518,450.1660482,4.152241963
35,PHENOL,CTL,22,518,459.4955592,4.39343308
36,PHENOL,CTL,22,518,499.5537586,4.550798372
43,CELLULOSE,DW,22,518,636.0316552,1.694732534
44,CELLULOSE,DW,22,518,505.2899422,2.821966416
45,CELLULOSE,DW,22,518,728.1275438,2.008724652
61,OXALATE,DW,22,518,713.4405999,14.83843086
62,OXALATE,DW,22,518,717.6049366,15.95994062
63,OXALATE,DW,22,518,770.0068315,13.87609295
70,PHENOL,DW,22,518,719.4392645,7.324084706
71,PHENOL,DW,22,518,790.8737317,7.052546407
72,PHENOL,DW,22,518,699.5813,6.769078399
79,CELLULOSE,DL,22,518,,
80,CELLULOSE,DL,22,518,526.2143793,2.512066318
81,CELLULOSE,DL,22,518,585.8830827,3.287631778
97,OXALATE,DL,22,518,527.283192,13.3156872
98,OXALATE,DL,22,518,,
99,OXALATE,DL,22,518,641.8439127,12.48646865
106,PHENOL,DL,22,518,639.5509124,5.165791052
107,PHENOL,DL,22,518,541.2214668,4.58978361
108,PHENOL,DL,22,518,519.1301551,4.539332876
115,CELLULOSE,NI,22,518,370.2496172,5.925607716
116,CELLULOSE,NI,22,518,344.2984999,6.000229526
117,CELLULOSE,NI,22,518,331.4127506,5.587328452
133,OXALATE,NI,22,518,328.8754827,14.99087931
134,OXALATE,NI,22,518,297.5134319,13.95848656
135,OXALATE,NI,22,518,315.9598755,13.20856884
142,PHENOL,NI,22,518,390.7888465,5.25422254
143,PHENOL,NI,22,518,353.5120534,5.028831898
144,PHENOL,NI,22,518,264.898434,4.133530513
151,CELLULOSE,NR,22,518,461.3385994,4.583208682
152,CELLULOSE,NR,22,518,523.4937678,5.228042102
153,CELLULOSE,NR,22,518,404.2499435,3.430704149
169,OXALATE,NR,22,518,473.521925,14.68602251
170,OXALATE,NR,22,518,606.7558996,15.65480154
171,OXALATE,NR,22,518,539.0988379,14.69245775
178,PHENOL,NR,22,518,445.6916189,4.455182506
179,PHENOL,NR,22,518,383.9639887,4.072711153
180,PHENOL,NR,22,518,,
7,CELLULOSE,CTL,23,543,,
8,CELLULOSE,CTL,23,543,548.9213665,2.31993829
9,CELLULOSE,CTL,23,543,419.9169317,1.823899625
25,OXALATE,CTL,23,543,443.3988833,15.30978367
26,OXALATE,CTL,23,543,543.5293115,12.8630902
27,OXALATE,CTL,23,543,434.7588504,11.59282525
34,PHENOL,CTL,23,543,467.1936105,4.210472236
35,PHENOL,CTL,23,543,477.4958688,4.458691406
36,PHENOL,CTL,23,543,518.1578037,4.61462511
43,CELLULOSE,DW,23,543,660.0583964,1.792072864
44,CELLULOSE,DW,23,543,531.5349053,3.110888994
45,CELLULOSE,DW,23,543,754.8498499,2.126226858
61,OXALATE,DW,23,543,737.0231136,14.86987499
62,OXALATE,DW,23,543,744.5938417,15.99551937
63,OXALATE,DW,23,543,795.364213,13.90862297
70,PHENOL,DW,23,543,743.6087752,7.397138642
71,PHENOL,DW,23,543,819.8453068,7.131073007
72,PHENOL,DW,23,543,724.8885786,6.840314752
79,CELLULOSE,DL,23,543,,
80,CELLULOSE,DL,23,543,548.2130303,2.657068614
81,CELLULOSE,DL,23,543,608.3367269,3.433031165
97,OXALATE,DL,23,543,547.5593609,13.34447741
98,OXALATE,DL,23,543,,
99,OXALATE,DL,23,543,665.3370558,12.51787557
106,PHENOL,DL,23,543,659.8780193,5.231954061
107,PHENOL,DL,23,543,561.6870241,4.656325151
108,PHENOL,DL,23,543,542.0596345,4.611794212
115,CELLULOSE,NI,23,543,385.6344911,6.259486887
116,CELLULOSE,NI,23,543,361.0165574,6.312726478
117,CELLULOSE,NI,23,543,347.57034,5.923323675
133,OXALATE,NI,23,543,344.0949352,15.03973394
134,OXALATE,NI,23,543,313.5059865,13.991827
135,OXALATE,NI,23,543,332.5191601,13.2413522
142,PHENOL,NI,23,543,406.5808201,5.319677414
143,PHENOL,NI,23,543,369.8428634,5.098182461
144,PHENOL,NI,23,543,281.0892971,4.203288981
151,CELLULOSE,NR,23,543,480.1504788,4.729898058
152,CELLULOSE,NR,23,543,543.346393,5.385714783
153,CELLULOSE,NR,23,543,423.3336292,3.559530627
169,OXALATE,NR,23,543,493.0376745,14.71913793
170,OXALATE,NR,23,543,630.1110021,15.69251183
171,OXALATE,NR,23,543,567.7029666,14.73497965
178,PHENOL,NR,23,543,463.9043314,4.518555972
179,PHENOL,NR,23,543,403.1021519,4.138280676
180,PHENOL,NR,23,543,,
7,CELLULOSE,CTL,24,567,,
8,CELLULOSE,CTL,24,567,565.6470217,2.416235125
9,CELLULOSE,CTL,24,567,432.3198151,1.912004422
25,OXALATE,CTL,24,567,455.8466768,15.32623491
26,OXALATE,CTL,24,567,558.0011786,12.88129912
27,OXALATE,CTL,24,567,446.277192,11.6068195
34,PHENOL,CTL,24,567,482.2331591,4.260774372
35,PHENOL,CTL,24,567,493.0285229,4.51386999
36,PHENOL,CTL,24,567,534.5179282,4.669509786
43,CELLULOSE,DW,24,567,679.6528729,1.877228832
44,CELLULOSE,DW,24,567,550.0346874,3.332594379
45,CELLULOSE,DW,24,567,778.8346612,2.235699434
61,OXALATE,DW,24,567,758.1393538,14.89776534
62,OXALATE,DW,24,567,766.8502596,16.02364664
63,OXALATE,DW,24,567,818.9834024,13.93787658
70,PHENOL,DW,24,567,766.151858,7.46244918
71,PHENOL,DW,24,567,845.9179921,7.201694018
72,PHENOL,DW,24,567,748.7072951,6.904096122
79,CELLULOSE,DL,24,567,,
80,CELLULOSE,DL,24,567,564.5300068,2.762389455
81,CELLULOSE,DL,24,567,626.5508848,3.546067268
97,OXALATE,DL,24,567,564.1857672,13.36597949
98,OXALATE,DL,24,567,,
99,OXALATE,DL,24,567,684.4466858,12.54134785
106,PHENOL,DL,24,567,678.8271771,5.290603563
107,PHENOL,DL,24,567,579.743634,4.711607417
108,PHENOL,DL,24,567,561.4316653,4.668562957
115,CELLULOSE,NI,24,567,398.227806,6.503458435
116,CELLULOSE,NI,24,567,373.2184315,6.53508635
117,CELLULOSE,NI,24,567,360.8221894,6.178590964
133,OXALATE,NI,24,567,356.4950105,15.07774636
134,OXALATE,NI,24,567,323.7874928,14.01227628
135,OXALATE,NI,24,567,340.9620978,13.25866616
142,PHENOL,NI,24,567,419.4049314,5.367335859
143,PHENOL,NI,24,567,382.7641784,5.14668595
144,PHENOL,NI,24,567,290.7381556,4.239090099
151,CELLULOSE,NR,24,567,494.1577924,4.83128156
152,CELLULOSE,NR,24,567,557.7934417,5.485234117
153,CELLULOSE,NR,24,567,434.9653357,3.632714584
169,OXALATE,NR,24,567,508.6800667,14.74404863
170,OXALATE,NR,24,567,646.777177,15.71753493
171,OXALATE,NR,24,567,584.5802614,14.76112586
178,PHENOL,NR,24,567,479.1560402,4.568794533
179,PHENOL,NR,24,567,417.8688477,4.186196553
180,PHENOL,NR,24,567,,
7,CELLULOSE,CTL,26,615,,
8,CELLULOSE,CTL,26,615,599.4299994,2.624956486
9,CELLULOSE,CTL,26,615,455.7847322,2.076880746
25,OXALATE,CTL,26,615,482.2942216,15.36334022
26,OXALATE,CTL,26,615,591.0878616,12.92457803
27,OXALATE,CTL,26,615,470.5521187,11.63808422
34,PHENOL,CTL,26,615,511.4819613,4.358778689
35,PHENOL,CTL,26,615,523.307216,4.621721316
36,PHENOL,CTL,26,615,565.9381388,4.77526222
43,CELLULOSE,DW,26,615,718.9009396,2.069640775
44,CELLULOSE,DW,26,615,586.8889765,3.811738415
45,CELLULOSE,DW,26,615,826.6845902,2.465870451
61,OXALATE,DW,26,615,798.3518226,14.94847466
62,OXALATE,DW,26,615,804.9679025,16.0706196
63,OXALATE,DW,26,615,863.9967164,13.99157293
70,PHENOL,DW,26,615,808.8524478,7.573789992
71,PHENOL,DW,26,615,894.6827937,7.325769457
72,PHENOL,DW,26,615,794.3026247,7.024249644
79,CELLULOSE,DL,26,615,,
80,CELLULOSE,DL,26,615,600.7753489,2.997006163
81,CELLULOSE,DL,26,615,665.9802156,3.773217035
97,OXALATE,DL,26,615,600.2114673,13.41392653
98,OXALATE,DL,26,615,,
99,OXALATE,DL,26,615,726.3969204,12.59465811
106,PHENOL,DL,26,615,714.6962979,5.401115726
107,PHENOL,DL,26,615,604.6853027,4.787653889
108,PHENOL,DL,26,615,600.7148396,4.782286399
115,CELLULOSE,NI,26,615,420.9806926,6.9116798
116,CELLULOSE,NI,26,615,392.7929595,6.883225982
117,CELLULOSE,NI,26,615,385.6944596,6.674043667
133,OXALATE,NI,26,615,380.9249335,15.14599411
134,OXALATE,NI,26,615,343.6301351,14.04858002
135,OXALATE,NI,26,615,358.3037565,13.29101268
142,PHENOL,NI,26,615,445.671826,5.46756376
143,PHENOL,NI,26,615,408.9793315,5.249476195
144,PHENOL,NI,26,615,310.2983679,4.315446429
151,CELLULOSE,NR,26,615,523.8775306,5.035596152
152,CELLULOSE,NR,26,615,591.4777288,5.701975162
153,CELLULOSE,NR,26,615,456.8186872,3.758953067
169,OXALATE,NR,26,615,536.2548688,14.78688095
170,OXALATE,NR,26,615,679.7077641,15.76635712
171,OXALATE,NR,26,615,614.7913289,14.80748293
178,PHENOL,NR,26,615,505.5876251,4.656337207
179,PHENOL,NR,26,615,438.7130317,4.254258442
180,PHENOL,NR,26,615,,
7,CELLULOSE,CTL,27,640,,
8,CELLULOSE,CTL,27,640,620.8613306,2.763682029
9,CELLULOSE,CTL,27,640,467.1218517,2.153574712
25,OXALATE,CTL,27,640,493.4150781,15.37593848
26,OXALATE,CTL,27,640,608.2778006,12.94356623
27,OXALATE,CTL,27,640,478.7841888,11.64691353
34,PHENOL,CTL,27,640,529.2096875,4.417474751
35,PHENOL,CTL,27,640,541.2229689,4.684508059
36,PHENOL,CTL,27,640,581.4320207,4.826385385
43,CELLULOSE,DW,27,640,743.7336531,2.203276786
44,CELLULOSE,DW,27,640,599.9808833,4.001477994
45,CELLULOSE,DW,27,640,854.6357111,2.605087703
61,OXALATE,DW,27,640,824.5954085,14.98627374
62,OXALATE,DW,27,640,826.7018239,16.09780526
63,OXALATE,DW,27,640,892.8799521,14.02930903
70,PHENOL,DW,27,640,836.1291057,7.661825359
71,PHENOL,DW,27,640,925.3336889,7.410502423
72,PHENOL,DW,27,640,816.2791831,7.080984945
79,CELLULOSE,DL,27,640,,
80,CELLULOSE,DL,27,640,608.9469445,3.045790013
81,CELLULOSE,DL,27,640,688.7496418,3.897350212
97,OXALATE,DL,27,640,614.5818664,13.43056739
98,OXALATE,DL,27,640,,
99,OXALATE,DL,27,640,750.1077339,12.62188126
106,PHENOL,DL,27,640,732.9468495,5.457444489
107,PHENOL,DL,27,640,622.7267976,4.842484025
108,PHENOL,DL,27,640,606.2552138,4.797187696
115,CELLULOSE,NI,27,640,435.1301549,7.130103689
116,CELLULOSE,NI,27,640,403.7560842,7.049057254
117,CELLULOSE,NI,27,640,400.3453052,6.944502131
133,OXALATE,NI,27,640,395.2660085,15.18552926
134,OXALATE,NI,27,640,355.6071056,14.07202934
135,OXALATE,NI,27,640,369.1653553,13.31278549
142,PHENOL,NI,27,640,461.6651912,5.522292216
143,PHENOL,NI,27,640,424.5974494,5.302159996
144,PHENOL,NI,27,640,320.508333,4.348726132
151,CELLULOSE,NR,27,640,540.2240016,5.144180158
152,CELLULOSE,NR,27,640,608.50851,5.796656023
153,CELLULOSE,NR,27,640,465.7451178,3.80382228
169,OXALATE,NR,27,640,552.1662646,14.81125835
170,OXALATE,NR,27,640,702.2337041,15.79956483
171,OXALATE,NR,27,640,625.2166719,14.82311466
178,PHENOL,NR,27,640,520.4305061,4.704988638
179,PHENOL,NR,27,640,449.5664249,4.289179707
180,PHENOL,NR,27,640,,
7,CELLULOSE,CTL,28,660,,
8,CELLULOSE,CTL,28,660,632.307194,2.84235586
9,CELLULOSE,CTL,28,660,472.5330144,2.19305743
16,LIGNIN,CTL,1,21,38.41344008,0.266205753
17,LIGNIN,CTL,1,21,37.70643605,0.275976974
18,LIGNIN,CTL,1,21,38.0574116,0.245192709
25,OXALATE,CTL,28,660,502.2748638,15.38759933
26,OXALATE,CTL,28,660,623.5368107,12.96268512
27,OXALATE,CTL,28,660,482.7708994,11.65185115
34,PHENOL,CTL,28,660,542.172751,4.458716686
35,PHENOL,CTL,28,660,531.4081654,4.647881647
36,PHENOL,CTL,28,660,590.0977739,4.853421627
43,CELLULOSE,DW,28,660,764.612881,2.319884811
44,CELLULOSE,DW,28,660,607.1967269,4.122896706
45,CELLULOSE,DW,28,660,870.4781663,2.685702094
52,LIGNIN,DW,1,21,46.07482322,0.271288237
53,LIGNIN,DW,1,21,49.61989793,0.283861111
54,LIGNIN,DW,1,21,55.58140068,0.281928438
61,OXALATE,DW,28,660,842.6301452,15.00848089
62,OXALATE,DW,28,660,831.8256917,16.10227919
63,OXALATE,DW,28,660,899.9995249,14.03407492
70,PHENOL,DW,28,660,853.5414182,7.704779444
71,PHENOL,DW,28,660,946.1875471,7.454665387
72,PHENOL,DW,28,660,828.3017282,7.109867395
79,CELLULOSE,DL,28,660,,
80,CELLULOSE,DL,28,660,615.8459572,3.083721477
81,CELLULOSE,DL,28,660,693.1373013,3.910575125
88,LIGNIN,DL,1,21,43.94366894,0.287609062
89,LIGNIN,DL,1,21,41.71908686,0.273196291
90,LIGNIN,DL,1,21,42.75367446,0.28471313
97,OXALATE,DL,28,660,628.7455339,13.45464202
98,OXALATE,DL,28,660,,
99,OXALATE,DL,28,660,767.8563817,12.66092025
106,PHENOL,DL,28,660,743.8364923,5.491754194
107,PHENOL,DL,28,660,623.9627391,4.846606403
108,PHENOL,DL,28,660,618.9403909,4.835339062
115,CELLULOSE,NI,28,660,445.4325514,7.287617144
116,CELLULOSE,NI,28,660,410.3511095,7.148731927
117,CELLULOSE,NI,28,660,408.3323195,7.106694302
124,LIGNIN,NI,1,21,26.78442256,0.204283755
125,LIGNIN,NI,1,21,26.49318952,0.194778081
126,LIGNIN,NI,1,21,26.35400499,0.188718153
133,OXALATE,NI,28,660,404.7846057,15.20341569
134,OXALATE,NI,28,660,358.0850328,14.07412927
135,OXALATE,NI,28,660,367.5726638,13.30759933
142,PHENOL,NI,28,660,474.6994423,5.574136264
143,PHENOL,NI,28,660,437.2354371,5.351788809
144,PHENOL,NI,28,660,324.3168331,4.362775117
151,CELLULOSE,NR,28,660,533.1773958,5.086049548
152,CELLULOSE,NR,28,660,623.4543352,5.873969921
153,CELLULOSE,NR,28,660,468.8260038,3.814144329
160,LIGNIN,NR,1,21,35.4763991,0.28111647
161,LIGNIN,NR,1,21,36.23141378,0.267464627
162,LIGNIN,NR,1,21,42.27694699,0.288145268
169,OXALATE,NR,28,660,560.7120071,14.8233001
170,OXALATE,NR,28,660,717.6777092,15.82193729
171,OXALATE,NR,28,660,626.9363524,14.82531988
178,PHENOL,NR,28,660,525.5825339,4.723093253
179,PHENOL,NR,28,660,453.5808881,4.301900901
180,PHENOL,NR,28,660,,
7,CELLULOSE,CTL,29,684,,
8,CELLULOSE,CTL,29,684,658.8738354,3.021276274
9,CELLULOSE,CTL,29,684,480.6252354,2.247686889
16,LIGNIN,CTL,2,45,72.29704991,0.499166795
17,LIGNIN,CTL,2,45,71.5016784,0.520136151
18,LIGNIN,CTL,2,45,66.7847437,0.427944755
25,OXALATE,CTL,29,684,514.5860412,15.40466247
26,OXALATE,CTL,29,684,642.7424387,12.98958857
27,OXALATE,CTL,29,684,490.5102463,11.66212823
34,PHENOL,CTL,29,684,551.2630184,4.492168619
35,PHENOL,CTL,29,684,540.7699209,4.682180902
36,PHENOL,CTL,29,684,601.8654266,4.893844706
43,CELLULOSE,DW,29,684,785.7217307,2.443742555
44,CELLULOSE,DW,29,684,618.9192398,4.298304577
45,CELLULOSE,DW,29,684,902.1423328,2.848885795
52,LIGNIN,DW,2,45,88.30677562,0.486459084
53,LIGNIN,DW,2,45,93.99143769,0.511618755
54,LIGNIN,DW,2,45,112.4955981,0.515038291
61,OXALATE,DW,29,684,862.608852,15.03514881
62,OXALATE,DW,29,684,842.5851535,16.11506628
63,OXALATE,DW,29,684,914.9139459,14.05174065
70,PHENOL,DW,29,684,884.0346339,7.797825902
71,PHENOL,DW,29,684,981.0180386,7.546230209
72,PHENOL,DW,29,684,840.7069095,7.14165892
79,CELLULOSE,DL,29,684,,
80,CELLULOSE,DL,29,684,625.0038058,3.139380616
81,CELLULOSE,DL,29,684,701.5364345,3.946475087
88,LIGNIN,DL,2,45,82.83801832,0.501617483
89,LIGNIN,DL,2,45,76.68087092,0.461553064
90,LIGNIN,DL,2,45,79.91535981,0.495652193
97,OXALATE,DL,29,684,644.1633006,13.47434225
98,OXALATE,DL,29,684,,
99,OXALATE,DL,29,684,794.7141502,12.69048368
106,PHENOL,DL,29,684,763.4478553,5.549236815
107,PHENOL,DL,29,684,636.9223047,4.884949547
108,PHENOL,DL,29,684,629.8215811,4.865716681
115,CELLULOSE,NI,29,684,441.9337458,7.180406278
116,CELLULOSE,NI,29,684,420.4391756,7.27016816
117,CELLULOSE,NI,29,684,413.1909316,7.182221365
124,LIGNIN,NI,2,45,48.48573617,0.372625215
125,LIGNIN,NI,2,45,46.72637473,0.344905806
126,LIGNIN,NI,2,45,47.33577401,0.349240948
133,OXALATE,NI,29,684,416.9483389,15.23554858
134,OXALATE,NI,29,684,360.7617615,14.07959209
135,OXALATE,NI,29,684,375.7042316,13.32421104
142,PHENOL,NI,29,684,461.7898624,5.522554739
143,PHENOL,NI,29,684,437.7347008,5.351286086
144,PHENOL,NI,29,684,330.2780155,4.382838009
151,CELLULOSE,NR,29,684,540.2240301,5.125952806
152,CELLULOSE,NR,29,684,643.1094405,5.978951367
153,CELLULOSE,NR,29,684,478.1390236,3.858838482
160,LIGNIN,NR,2,45,66.1772892,0.553186996
161,LIGNIN,NR,2,45,62.91664334,0.473187109
162,LIGNIN,NR,2,45,75.59619902,0.560216433
169,OXALATE,NR,29,684,561.920388,14.82649043
170,OXALATE,NR,29,684,743.2920044,15.86868777
171,OXALATE,NR,29,684,645.4842094,14.85585885
178,PHENOL,NR,29,684,539.0631345,4.770735603
179,PHENOL,NR,29,684,461.3683785,4.32871203
180,PHENOL,NR,29,684,,
7,CELLULOSE,CTL,30,708,,
8,CELLULOSE,CTL,30,708,684.0536448,3.183229343
9,CELLULOSE,CTL,30,708,490.589113,2.313195575
16,LIGNIN,CTL,3,69,105.0508745,0.771967665
17,LIGNIN,CTL,3,69,104.5253398,0.793892371
18,LIGNIN,CTL,3,69,89.83884509,0.60490219
25,OXALATE,CTL,30,708,529.5619862,15.42541584
26,OXALATE,CTL,30,708,661.2333235,13.01706478
27,OXALATE,CTL,30,708,498.1288311,11.67182152
34,PHENOL,CTL,30,708,560.4247529,4.519768013
35,PHENOL,CTL,30,708,555.1060269,4.732128664
36,PHENOL,CTL,30,708,609.8556461,4.918955454
43,CELLULOSE,DW,30,708,809.2347239,2.582757111
44,CELLULOSE,DW,30,708,629.847472,4.477218467
45,CELLULOSE,DW,30,708,929.1066209,2.993138132
52,LIGNIN,DW,3,69,127.9665127,0.707668014
53,LIGNIN,DW,3,69,136.3689971,0.753185487
54,LIGNIN,DW,3,69,171.6113507,0.770095947
61,OXALATE,DW,30,708,884.1605315,15.05582768
62,OXALATE,DW,30,708,858.5927629,16.13373031
63,OXALATE,DW,30,708,941.7348353,14.08358785
70,PHENOL,DW,30,708,918.0882806,7.916942105
71,PHENOL,DW,30,708,1015.178458,7.650648073
72,PHENOL,DW,30,708,859.6747796,7.19547903
79,CELLULOSE,DL,30,708,,
80,CELLULOSE,DL,30,708,632.1263635,3.171794012
81,CELLULOSE,DL,30,708,709.584235,3.976834731
88,LIGNIN,DL,3,69,117.8694544,0.678232411
89,LIGNIN,DL,3,69,107.5809134,0.611026717
90,LIGNIN,DL,3,69,102.0773928,0.599218689
97,OXALATE,DL,30,708,661.1737145,13.49665587
98,OXALATE,DL,30,708,,
99,OXALATE,DL,30,708,818.2366712,12.72255968
106,PHENOL,DL,30,708,780.1753779,5.600500253
107,PHENOL,DL,30,708,640.0165257,4.893305268
108,PHENOL,DL,30,708,629.0494064,4.862783451
115,CELLULOSE,NI,30,708,451.5912451,7.296282257
116,CELLULOSE,NI,30,708,426.9288148,7.328666605
117,CELLULOSE,NI,30,708,422.0664036,7.32942707
124,LIGNIN,NI,3,69,68.15113293,0.518217654
125,LIGNIN,NI,3,69,64.77487705,0.470366846
126,LIGNIN,NI,3,69,67.07043824,0.494227277
133,OXALATE,NI,30,708,422.8952348,15.24815973
134,OXALATE,NI,30,708,366.7614433,14.09035838
135,OXALATE,NI,30,708,383.7669294,13.33945211
142,PHENOL,NI,30,708,464.4379636,5.529185682
143,PHENOL,NI,30,708,448.848017,5.387881413
144,PHENOL,NI,30,708,335.9492014,4.400397843
151,CELLULOSE,NR,30,708,553.3641614,5.204928721
152,CELLULOSE,NR,30,708,662.0223346,6.078057839
153,CELLULOSE,NR,30,708,485.6846618,3.892570733
160,LIGNIN,NR,3,69,86.35108144,0.742311018
161,LIGNIN,NR,3,69,89.01697284,0.66841277
162,LIGNIN,NR,3,69,106.2194248,0.819577238
169,OXALATE,NR,30,708,566.5578353,14.83066095
170,OXALATE,NR,30,708,765.0098562,15.89293656
171,OXALATE,NR,30,708,658.2741372,14.87203789
178,PHENOL,NR,30,708,542.7684393,4.781055303
179,PHENOL,NR,30,708,466.3927107,4.343750589
180,PHENOL,NR,30,708,,
7,CELLULOSE,CTL,31,732,,
8,CELLULOSE,CTL,31,732,705.6958114,3.336366818
9,CELLULOSE,CTL,31,732,496.3079731,2.35298513
16,LIGNIN,CTL,4,93,130.9100632,0.984301752
17,LIGNIN,CTL,4,93,133.7136839,1.052722349
18,LIGNIN,CTL,4,93,113.3077259,0.787481255
25,OXALATE,CTL,31,732,530.6495248,15.43073621
26,OXALATE,CTL,31,732,678.4673541,13.05782415
27,OXALATE,CTL,31,732,504.4093183,11.68164559
34,PHENOL,CTL,31,732,570.4269615,4.555196091
35,PHENOL,CTL,31,732,580.2986048,4.797198232
36,PHENOL,CTL,31,732,612.2465373,4.947984084
43,CELLULOSE,DW,31,732,824.7726483,2.679831203
44,CELLULOSE,DW,31,732,634.3478258,4.59520702
45,CELLULOSE,DW,31,732,953.8852948,3.133543638
52,LIGNIN,DW,4,93,163.6503203,0.911816664
53,LIGNIN,DW,4,93,174.7779605,0.977027438
54,LIGNIN,DW,4,93,231.2781909,1.015605229
61,OXALATE,DW,31,732,908.9291383,15.091381
62,OXALATE,DW,31,732,867.0915841,16.14549195
63,OXALATE,DW,31,732,964.4232865,14.11569834
70,PHENOL,DW,31,732,944.9001084,8.012126468
71,PHENOL,DW,31,732,1046.661144,7.72463917
72,PHENOL,DW,31,732,870.4791121,7.217980645
79,CELLULOSE,DL,31,732,,
80,CELLULOSE,DL,31,732,639.507648,3.209670663
81,CELLULOSE,DL,31,732,710.9097549,3.971224919
88,LIGNIN,DL,4,93,145.3779261,0.804466975
89,LIGNIN,DL,4,93,133.1537817,0.725719508
90,LIGNIN,DL,4,93,126.3040446,0.710159727
97,OXALATE,DL,31,732,673.3649966,13.50988913
98,OXALATE,DL,31,732,,
99,OXALATE,DL,31,732,837.7098468,12.74157735
106,PHENOL,DL,31,732,786.1626935,5.619783046
107,PHENOL,DL,31,732,655.769612,4.941186504
108,PHENOL,DL,31,732,637.031414,4.885968686
115,CELLULOSE,NI,31,732,462.4617057,7.450670973
116,CELLULOSE,NI,31,732,433.1469604,7.396029023
117,CELLULOSE,NI,31,732,428.92648,7.434792211
124,LIGNIN,NI,4,93,84.83667899,0.637976337
125,LIGNIN,NI,4,93,80.74223486,0.5768495
126,LIGNIN,NI,4,93,83.81190695,0.61540744
133,OXALATE,NI,31,732,409.8564393,15.20716037
134,OXALATE,NI,31,732,369.5307701,14.09422223
135,OXALATE,NI,31,732,380.6454615,13.3318789
142,PHENOL,NI,31,732,475.766512,5.570124026
143,PHENOL,NI,31,732,451.7733593,5.397478344
144,PHENOL,NI,31,732,339.2052689,4.409661283
151,CELLULOSE,NR,31,732,551.4650109,5.178538572
152,CELLULOSE,NR,31,732,675.8524085,6.131675592
153,CELLULOSE,NR,31,732,489.1429111,3.901384179
160,LIGNIN,NR,4,93,109.4818727,0.969401212
161,LIGNIN,NR,4,93,113.686081,0.865893273
162,LIGNIN,NR,4,93,116.1612472,0.928374721
169,OXALATE,NR,31,732,573.8099413,14.84368131
170,OXALATE,NR,31,732,784.511419,15.93941442
171,OXALATE,NR,31,732,665.7279869,14.89208217
178,PHENOL,NR,31,732,545.5509649,4.790818473
179,PHENOL,NR,31,732,473.0738799,4.366523042
180,PHENOL,NR,31,732,,
7,CELLULOSE,CTL,33,781,,
8,CELLULOSE,CTL,33,781,735.9910232,3.548894191
9,CELLULOSE,CTL,33,781,524.2843262,2.544062079
16,LIGNIN,CTL,6,142,173.1991402,1.311791818
17,LIGNIN,CTL,6,142,176.1650265,1.396153453
18,LIGNIN,CTL,6,142,158.0223365,1.082994447
25,OXALATE,CTL,33,781,556.6792512,15.46384532
26,OXALATE,CTL,33,781,703.9056888,13.08875778
27,OXALATE,CTL,33,781,528.228715,11.7105234
34,PHENOL,CTL,33,781,593.7280192,4.633225902
35,PHENOL,CTL,33,781,605.4385027,4.88495499
36,PHENOL,CTL,33,781,640.5989422,5.036364444
43,CELLULOSE,DW,33,781,863.7180192,2.898485299
44,CELLULOSE,DW,33,781,676.6752257,5.252154585
45,CELLULOSE,DW,33,781,996.0457942,3.332733821
52,LIGNIN,DW,6,142,214.7850497,1.176363433
53,LIGNIN,DW,6,142,228.2746855,1.259015087
54,LIGNIN,DW,6,142,315.5914977,1.326881109
61,OXALATE,DW,33,781,948.9925822,15.13948221
62,OXALATE,DW,33,781,907.342615,16.19372559
63,OXALATE,DW,33,781,1002.293367,14.16030953
70,PHENOL,DW,33,781,983.379641,8.114869004
71,PHENOL,DW,33,781,1092.380628,7.834061923
72,PHENOL,DW,33,781,912.1925633,7.319693209
79,CELLULOSE,DL,33,781,,
80,CELLULOSE,DL,33,781,670.6531332,3.388855035
81,CELLULOSE,DL,33,781,742.264245,4.120353621
88,LIGNIN,DL,6,142,193.8745499,1.025610273
89,LIGNIN,DL,6,142,178.3574543,0.933070389
90,LIGNIN,DL,6,142,176.9747587,0.928665803
97,OXALATE,DL,33,781,703.3556387,13.54778249
98,OXALATE,DL,33,781,,
99,OXALATE,DL,33,781,870.1460136,12.78166547
106,PHENOL,DL,33,781,819.707126,5.715512573
107,PHENOL,DL,33,781,688.8341677,5.036661838
108,PHENOL,DL,33,781,670.2474616,4.982027352
115,CELLULOSE,NI,33,781,483.5257235,7.711473858
116,CELLULOSE,NI,33,781,458.2653463,7.640376197
117,CELLULOSE,NI,33,781,456.0912905,7.822619131
124,LIGNIN,NI,6,142,112.7484792,0.840845954
125,LIGNIN,NI,6,142,108.3523775,0.762920917
126,LIGNIN,NI,6,142,114.5650532,0.829609755
133,OXALATE,NI,33,781,431.1823641,15.25632036
134,OXALATE,NI,33,781,390.8521045,14.13273951
135,OXALATE,NI,33,781,399.8829639,13.36706539
142,PHENOL,NI,33,781,499.0419079,5.655320918
143,PHENOL,NI,33,781,476.7644226,5.488992415
144,PHENOL,NI,33,781,364.7734946,4.500002363
151,CELLULOSE,NR,33,781,576.2992038,5.326277076
152,CELLULOSE,NR,33,781,702.5493407,6.262068194
153,CELLULOSE,NR,33,781,513.431508,4.022563425
160,LIGNIN,NR,6,142,151.060062,1.38111205
161,LIGNIN,NR,6,142,161.289981,1.227841843
162,LIGNIN,NR,6,142,162.4321655,1.354514048
169,OXALATE,NR,33,781,601.097783,14.88403705
170,OXALATE,NR,33,781,815.3319233,15.98400523
171,OXALATE,NR,33,781,694.1719913,14.93371359
178,PHENOL,NR,33,781,570.4008614,4.874469485
179,PHENOL,NR,33,781,501.6491756,4.456759945
180,PHENOL,NR,33,781,,
7,CELLULOSE,CTL,35,831,,
8,CELLULOSE,CTL,35,831,766.2318214,3.767817478
9,CELLULOSE,CTL,35,831,548.3097562,2.711531573
16,LIGNIN,CTL,8,192,221.047584,1.644215548
17,LIGNIN,CTL,8,192,223.7457056,1.7160558
18,LIGNIN,CTL,8,192,204.2371485,1.359869911
25,OXALATE,CTL,35,831,581.1145967,15.49327013
26,OXALATE,CTL,35,831,730.7157855,13.11959915
27,OXALATE,CTL,35,831,550.6341612,11.73643363
34,PHENOL,CTL,35,831,616.7360919,4.707979829
35,PHENOL,CTL,35,831,628.7654764,4.964046802
36,PHENOL,CTL,35,831,665.791055,5.116452229
43,CELLULOSE,DW,35,831,902.951194,3.111280171
44,CELLULOSE,DW,35,831,718.2938852,5.913640278
45,CELLULOSE,DW,35,831,1037.753574,3.513244334
52,LIGNIN,DW,8,192,272.7159814,1.449251388
53,LIGNIN,DW,8,192,287.8910819,1.531687289
54,LIGNIN,DW,8,192,400.1933576,1.626860341
61,OXALATE,DW,35,831,986.010755,15.18381297
62,OXALATE,DW,35,831,946.3079489,16.23920055
63,OXALATE,DW,35,831,1041.705723,14.20535518
70,PHENOL,DW,35,831,1021.84106,8.219771251
71,PHENOL,DW,35,831,1136.647848,7.941104619
72,PHENOL,DW,35,831,952.6520522,7.420282726
79,CELLULOSE,DL,35,831,,
80,CELLULOSE,DL,35,831,698.8430966,3.544674466
81,CELLULOSE,DL,35,831,774.2650734,4.265569889
88,LIGNIN,DL,8,192,245.3270696,1.241900743
89,LIGNIN,DL,8,192,227.4227959,1.144746607
90,LIGNIN,DL,8,192,227.5811032,1.142196054
97,OXALATE,DL,35,831,734.5851766,13.58564863
98,OXALATE,DL,35,831,,
99,OXALATE,DL,35,831,905.1473055,12.8236158
106,PHENOL,DL,35,831,849.3714208,5.803785
107,PHENOL,DL,35,831,719.836471,5.12733131
108,PHENOL,DL,35,831,701.8387949,5.071599529
115,CELLULOSE,NI,35,831,501.9633602,7.925035741
116,CELLULOSE,NI,35,831,476.4518807,7.829125184
117,CELLULOSE,NI,35,831,477.2693269,8.158782778
124,LIGNIN,NI,8,192,143.2430796,1.063596321
125,LIGNIN,NI,8,192,136.9025239,0.955150313
126,LIGNIN,NI,8,192,143.4495885,1.048568546
133,OXALATE,NI,35,831,450.0746954,15.29575406
134,OXALATE,NI,35,831,406.4375041,14.158682
135,OXALATE,NI,35,831,413.9328455,13.39096683
142,PHENOL,NI,35,831,520.0740535,5.728438749
143,PHENOL,NI,35,831,499.8812747,5.568803573
144,PHENOL,NI,35,831,385.5087318,4.568427639
151,CELLULOSE,NR,35,831,598.5262684,5.444974885
152,CELLULOSE,NR,35,831,728.319249,6.371912047
153,CELLULOSE,NR,35,831,533.0645222,4.11049004
160,LIGNIN,NR,8,192,190.5565619,1.719332824
161,LIGNIN,NR,8,192,201.3473111,1.554688356
162,LIGNIN,NR,8,192,199.5524017,1.681704258
169,OXALATE,NR,35,831,625.7594508,14.91935835
170,OXALATE,NR,35,831,845.2408793,16.0260805
171,OXALATE,NR,35,831,720.8750263,14.97142732
178,PHENOL,NR,35,831,592.3516277,4.945574651
179,PHENOL,NR,35,831,522.135986,4.522075534
180,PHENOL,NR,35,831,,
7,CELLULOSE,CTL,36,851,,
8,CELLULOSE,CTL,36,851,778.0806633,3.858281796
9,CELLULOSE,CTL,36,851,550.5604224,2.730148666
16,LIGNIN,CTL,9,212,241.8581492,1.766067488
17,LIGNIN,CTL,9,212,244.8398389,1.83616667
18,LIGNIN,CTL,9,212,224.4817154,1.470016835
25,OXALATE,CTL,36,851,588.7751384,15.50436978
26,OXALATE,CTL,36,851,742.5795107,13.13609034
27,OXALATE,CTL,36,851,556.2066611,11.74523217
34,PHENOL,CTL,36,851,625.8319637,4.737411783
35,PHENOL,CTL,36,851,638.7555387,4.997828049
36,PHENOL,CTL,36,851,676.3557656,5.150144146
43,CELLULOSE,DW,36,851,919.1125444,3.19509788
44,CELLULOSE,DW,36,851,734.6086119,6.167697974
45,CELLULOSE,DW,36,851,1054.222009,3.586465445
52,LIGNIN,DW,9,212,298.1012387,1.562036968
53,LIGNIN,DW,9,212,314.0936654,1.647970244
54,LIGNIN,DW,9,212,435.9804402,1.747076154
61,OXALATE,DW,36,851,1002.35936,15.2044855
62,OXALATE,DW,36,851,959.2169964,16.25426307
63,OXALATE,DW,36,851,1057.936736,14.22448255
70,PHENOL,DW,36,851,1038.749071,8.267205423
71,PHENOL,DW,36,851,1155.603642,7.987472084
72,PHENOL,DW,36,851,970.5544509,7.464775553
79,CELLULOSE,DL,36,851,,
80,CELLULOSE,DL,36,851,706.3545671,3.583694545
81,CELLULOSE,DL,36,851,786.8517379,4.321649196
88,LIGNIN,DL,9,212,270.0340349,1.342277697
89,LIGNIN,DL,9,212,244.5422174,1.215127679
90,LIGNIN,DL,9,212,250.1510204,1.236952182
97,OXALATE,DL,36,851,748.7940251,13.60087125
98,OXALATE,DL,36,851,,
99,OXALATE,DL,36,851,920.6454481,12.83866698
106,PHENOL,DL,36,851,861.9182079,5.841172424
107,PHENOL,DL,36,851,730.4223863,5.157749014
108,PHENOL,DL,36,851,715.7231774,5.110902159
115,CELLULOSE,NI,36,851,510.0353736,8.014364794
116,CELLULOSE,NI,36,851,484.5929834,7.908582724
117,CELLULOSE,NI,36,851,486.3484805,8.301933243
124,LIGNIN,NI,9,212,157.3070368,1.162516745
125,LIGNIN,NI,9,212,148.5130029,1.029435284
126,LIGNIN,NI,9,212,155.4686966,1.135089928
133,OXALATE,NI,36,851,457.6784916,15.30950541
134,OXALATE,NI,36,851,409.9598058,14.16372932
135,OXALATE,NI,36,851,417.438534,13.39612725
142,PHENOL,NI,36,851,528.4965859,5.758778754
143,PHENOL,NI,36,851,509.2473421,5.601900636
144,PHENOL,NI,36,851,385.0268426,4.566351083
151,CELLULOSE,NR,36,851,603.7242335,5.46952092
152,CELLULOSE,NR,36,851,739.5249527,6.417715167
153,CELLULOSE,NR,36,851,538.8487704,4.134948008
160,LIGNIN,NR,9,212,209.1196916,1.853258569
161,LIGNIN,NR,9,212,220.3626913,1.690059124
162,LIGNIN,NR,9,212,212.473302,1.782807511
169,OXALATE,NR,36,851,636.3487639,14.93481076
170,OXALATE,NR,36,851,858.5411439,16.04611622
171,OXALATE,NR,36,851,730.9584499,14.98566986
178,PHENOL,NR,36,851,597.7535795,4.962810245
179,PHENOL,NR,36,851,532.7534476,4.555986108
180,PHENOL,NR,36,851,,
7,CELLULOSE,CTL,37,884,,
8,CELLULOSE,CTL,37,884,794.2062916,3.976972707
9,CELLULOSE,CTL,37,884,559.7535176,2.792799808
16,LIGNIN,CTL,10,235,263.6380146,1.886363434
17,LIGNIN,CTL,10,235,268.4639246,1.963734349
18,LIGNIN,CTL,10,235,245.5665538,1.581501326
25,OXALATE,CTL,37,884,595.6722726,15.51041114
26,OXALATE,CTL,37,884,755.2705063,13.14806669
27,OXALATE,CTL,37,884,565.6849517,11.7536157
34,PHENOL,CTL,37,884,635.3257587,4.767552278
35,PHENOL,CTL,37,884,650.804171,5.039076374
36,PHENOL,CTL,37,884,688.4812273,5.188918227
43,CELLULOSE,DW,37,884,916.6409581,3.17222065
44,CELLULOSE,DW,37,884,735.6885395,6.15026761
45,CELLULOSE,DW,37,884,1074.904551,3.669646497
52,LIGNIN,DW,10,235,325.2101907,1.67836394
53,LIGNIN,DW,10,235,343.2853728,1.761682427
54,LIGNIN,DW,10,235,472.9907749,1.868825142
61,OXALATE,DW,37,884,1020.012731,15.22469164
62,OXALATE,DW,37,884,969.6561954,16.26530956
63,OXALATE,DW,37,884,1076.306425,14.24407771
70,PHENOL,DW,37,884,1057.861167,8.314231667
71,PHENOL,DW,37,884,1178.579735,8.038940989
72,PHENOL,DW,37,884,992.4362703,7.515812897
79,CELLULOSE,DL,37,884,,
80,CELLULOSE,DL,37,884,716.3352951,3.637007551
81,CELLULOSE,DL,37,884,802.8179693,4.393208075
88,LIGNIN,DL,10,235,295.8577481,1.444473327
89,LIGNIN,DL,10,235,263.847687,1.291067239
90,LIGNIN,DL,10,235,274.5891814,1.337605914
97,OXALATE,DL,37,884,764.6277836,13.62336563
98,OXALATE,DL,37,884,,
99,OXALATE,DL,37,884,937.4076134,12.86539417
106,PHENOL,DL,37,884,870.3587245,5.866675385
107,PHENOL,DL,37,884,744.3264694,5.198380841
108,PHENOL,DL,37,884,731.961877,5.157261948
115,CELLULOSE,NI,37,884,518.6944058,8.109598425
116,CELLULOSE,NI,37,884,490.9495923,7.970777938
117,CELLULOSE,NI,37,884,495.415217,8.442254572
124,LIGNIN,NI,10,235,172.3981484,1.266827575
125,LIGNIN,NI,10,235,161.770523,1.112681514
126,LIGNIN,NI,10,235,168.4126164,1.22620675
133,OXALATE,NI,37,884,466.1597524,15.33186489
134,OXALATE,NI,37,884,411.1126384,14.1675234
135,OXALATE,NI,37,884,420.8693109,13.40413754
142,PHENOL,NI,37,884,540.5740891,5.804326614
143,PHENOL,NI,37,884,520.9358849,5.643881497
144,PHENOL,NI,37,884,393.6250845,4.595119964
151,CELLULOSE,NR,37,884,608.7398977,5.493798112
152,CELLULOSE,NR,37,884,753.4729383,6.472255645
153,CELLULOSE,NR,37,884,545.5828779,4.162798861
160,LIGNIN,NR,10,235,228.8458915,1.984521246
161,LIGNIN,NR,10,235,241.3493285,1.829768063
162,LIGNIN,NR,10,235,231.3336571,1.924529832
169,OXALATE,NR,37,884,644.7512698,14.94675914
170,OXALATE,NR,37,884,873.9975631,16.07844997
171,OXALATE,NR,37,884,740.0572755,14.99794009
178,PHENOL,NR,37,884,608.9296784,5.000315565
179,PHENOL,NR,37,884,543.6358363,4.591357526
180,PHENOL,NR,37,884,,
7,CELLULOSE,CTL,38,909,,
8,CELLULOSE,CTL,38,909,812.511697,4.116560455
9,CELLULOSE,CTL,38,909,563.4011799,2.820532562
16,LIGNIN,CTL,11,260,288.0360778,2.002383158
17,LIGNIN,CTL,11,260,296.3123386,2.103180619
18,LIGNIN,CTL,11,260,271.3408097,1.706187502
25,OXALATE,CTL,38,909,603.4314068,15.51945
26,OXALATE,CTL,38,909,770.3223969,13.16524811
27,OXALATE,CTL,38,909,568.8441195,11.75691514
34,PHENOL,CTL,38,909,646.1736932,4.803441109
35,PHENOL,CTL,38,909,664.6624386,5.086907232
36,PHENOL,CTL,38,909,701.6453711,5.231265987
43,CELLULOSE,DW,38,909,925.0488127,3.209113091
44,CELLULOSE,DW,38,909,740.0066955,6.182099754
45,CELLULOSE,DW,38,909,1097.703071,3.759206662
52,LIGNIN,DW,11,260,356.4483023,1.80761045
53,LIGNIN,DW,11,260,374.2948989,1.880644933
54,LIGNIN,DW,11,260,514.5652722,2.003307676
61,OXALATE,DW,38,909,1041.472704,15.25272199
62,OXALATE,DW,38,909,986.5857897,16.28472506
63,OXALATE,DW,38,909,1098.559662,14.27037987
70,PHENOL,DW,38,909,1079.1054,8.370691607
71,PHENOL,DW,38,909,1204.430443,8.099970064
72,PHENOL,DW,38,909,1011.908954,7.562894769
79,CELLULOSE,DL,38,909,,
80,CELLULOSE,DL,38,909,724.6796922,3.680771604
81,CELLULOSE,DL,38,909,809.5651416,4.421678682
88,LIGNIN,DL,11,260,304.8722623,1.471564609
89,LIGNIN,DL,11,260,274.055289,1.324833223
90,LIGNIN,DL,11,260,301.1358905,1.443899962
97,OXALATE,DL,38,909,782.9057425,13.6478834
98,OXALATE,DL,38,909,,
99,OXALATE,DL,38,909,952.4601725,12.88626284
106,PHENOL,DL,38,909,882.2980642,5.902299413
107,PHENOL,DL,38,909,746.8874014,5.20599755
108,PHENOL,DL,38,909,748.5267921,5.20471262
115,CELLULOSE,NI,38,909,528.5716519,8.213389298
116,CELLULOSE,NI,38,909,498.4314725,8.040083236
117,CELLULOSE,NI,38,909,503.8167449,8.558221402
124,LIGNIN,NI,11,260,190.4833733,1.383889994
125,LIGNIN,NI,11,260,176.8023522,1.200101891
126,LIGNIN,NI,11,260,183.4218621,1.325001859
133,OXALATE,NI,38,909,473.048424,15.34774737
134,OXALATE,NI,38,909,416.0566855,14.17556254
135,OXALATE,NI,38,909,424.2849261,13.409876
142,PHENOL,NI,38,909,552.2827965,5.848481182
143,PHENOL,NI,38,909,531.2382793,5.679836242
144,PHENOL,NI,38,909,401.2378392,4.619560459
151,CELLULOSE,NR,38,909,612.1464291,5.50860894
152,CELLULOSE,NR,38,909,769.2544487,6.531832892
153,CELLULOSE,NR,38,909,549.5641789,4.177243057
160,LIGNIN,NR,11,260,253.0346584,2.132461337
161,LIGNIN,NR,11,260,265.5651033,1.975597803
162,LIGNIN,NR,11,260,239.8453951,1.961564927
169,OXALATE,NR,38,909,652.2133624,14.95748397
170,OXALATE,NR,38,909,890.3923984,16.11018716
171,OXALATE,NR,38,909,746.6643645,15.00665152
178,PHENOL,NR,38,909,619.9128111,5.036725158
179,PHENOL,NR,38,909,556.5450076,4.633376562
180,PHENOL,NR,38,909,,
7,CELLULOSE,CTL,40,958,,
8,CELLULOSE,CTL,40,958,840.0030999,4.330053605
9,CELLULOSE,CTL,40,958,588.4529995,2.998125766
16,LIGNIN,CTL,13,309,326.890261,2.183637156
17,LIGNIN,CTL,13,309,335.8794652,2.286360891
18,LIGNIN,CTL,13,309,310.4793136,1.876966759
25,OXALATE,CTL,40,958,625.8249261,15.54707307
26,OXALATE,CTL,40,958,794.2243178,13.19334499
27,OXALATE,CTL,40,958,592.410484,11.7846233
34,PHENOL,CTL,40,958,665.9480928,4.869902112
35,PHENOL,CTL,40,958,686.7044473,5.162272295
36,PHENOL,CTL,40,958,724.330678,5.304145023
43,CELLULOSE,DW,40,958,959.1478932,3.372943927
44,CELLULOSE,DW,40,958,777.3403738,6.649122824
45,CELLULOSE,DW,40,958,1135.361154,3.894044994
52,LIGNIN,DW,13,309,402.9068338,1.987279814
53,LIGNIN,DW,13,309,422.8696778,2.060327539
54,LIGNIN,DW,13,309,575.6037687,2.183496963
61,OXALATE,DW,40,958,1074.017438,15.29072788
62,OXALATE,DW,40,958,1024.706312,16.32833642
63,OXALATE,DW,40,958,1136.595813,14.31325531
70,PHENOL,DW,40,958,1114.273551,8.465927759
71,PHENOL,DW,40,958,1246.718195,8.200262465
72,PHENOL,DW,40,958,1051.008969,7.658523259
79,CELLULOSE,DL,40,958,,
80,CELLULOSE,DL,40,958,753.2975405,3.831809793
81,CELLULOSE,DL,40,958,838.8693614,4.549440086
88,LIGNIN,DL,13,309,353.2174987,1.647317503
89,LIGNIN,DL,13,309,318.3492251,1.491499609
90,LIGNIN,DL,13,309,343.3345648,1.607948238
97,OXALATE,DL,40,958,811.4033666,13.68220873
98,OXALATE,DL,40,958,,
99,OXALATE,DL,40,958,983.7356496,12.92274824
106,PHENOL,DL,40,958,909.6554691,5.982571717
107,PHENOL,DL,40,958,775.3626362,5.287586484
108,PHENOL,DL,40,958,776.8670412,5.286154261
115,CELLULOSE,NI,40,958,545.4053132,8.390354124
116,CELLULOSE,NI,40,958,515.6362096,8.198690019
117,CELLULOSE,NI,40,958,525.2831439,8.841235377
124,LIGNIN,NI,13,309,219.246965,1.55785411
125,LIGNIN,NI,13,309,204.1725466,1.354410813
126,LIGNIN,NI,13,309,211.9325072,1.502153853
133,OXALATE,NI,40,958,491.4449935,15.38369198
134,OXALATE,NI,40,958,434.5611783,14.20695199
135,OXALATE,NI,40,958,440.3495031,13.43751649
142,PHENOL,NI,40,958,571.483244,5.918072503
143,PHENOL,NI,40,958,553.1084313,5.757400123
144,PHENOL,NI,40,958,425.6507302,4.700356207
151,CELLULOSE,NR,40,958,634.712497,5.624236754
152,CELLULOSE,NR,40,958,793.672977,6.625284518
153,CELLULOSE,NR,40,958,572.3025785,4.273031999
160,LIGNIN,NR,13,309,289.9339023,2.356663959
161,LIGNIN,NR,13,309,301.742948,2.18709756
162,LIGNIN,NR,13,309,284.1283966,2.246579077
169,OXALATE,NR,40,958,675.9908363,14.99100215
170,OXALATE,NR,40,958,917.5739779,16.14823182
171,OXALATE,NR,40,958,772.5220891,15.04260184
178,PHENOL,NR,40,958,641.7149889,5.108421138
179,PHENOL,NR,40,958,579.7428789,4.708011902
180,PHENOL,NR,40,958,,
7,CELLULOSE,CTL,41,980,,
8,CELLULOSE,CTL,41,980,853.6064188,4.436791407
9,CELLULOSE,CTL,41,980,598.9128467,3.072404859
16,LIGNIN,CTL,14,331,346.4798753,2.27541089
17,LIGNIN,CTL,14,331,355.6001349,2.368927385
18,LIGNIN,CTL,14,331,329.2037774,1.950988229
25,OXALATE,CTL,41,980,636.1216562,15.55889257
26,OXALATE,CTL,41,980,805.7624056,13.20611793
27,OXALATE,CTL,41,980,600.4426244,11.79326775
34,PHENOL,CTL,41,980,675.4700675,4.900980651
35,PHENOL,CTL,41,980,697.2829178,5.197898766
36,PHENOL,CTL,41,980,735.2789114,5.338629446
43,CELLULOSE,DW,41,980,976.1817946,3.450892156
44,CELLULOSE,DW,41,980,793.0855217,6.823797803
45,CELLULOSE,DW,41,980,1152.199836,3.953453356
52,LIGNIN,DW,14,331,426.942844,2.07160998
53,LIGNIN,DW,14,331,448.1842398,2.149252972
54,LIGNIN,DW,14,331,606.3818097,2.269457016
61,OXALATE,DW,41,980,1088.983215,15.30767044
62,OXALATE,DW,41,980,1041.138051,16.34683082
63,OXALATE,DW,41,980,1152.769232,14.33084625
70,PHENOL,DW,41,980,1130.15102,8.507238775
71,PHENOL,DW,41,980,1265.524329,8.243483123
72,PHENOL,DW,41,980,1068.694033,7.700474073
79,CELLULOSE,DL,41,980,,
80,CELLULOSE,DL,41,980,763.9698348,3.881383017
81,CELLULOSE,DL,41,980,852.7669527,4.607138391
88,LIGNIN,DL,14,331,375.7789939,1.7279572
89,LIGNIN,DL,14,331,338.4206291,1.564343335
90,LIGNIN,DL,14,331,363.5628875,1.683438995
97,OXALATE,DL,41,980,824.7628032,13.69772816
98,OXALATE,DL,41,980,,
99,OXALATE,DL,41,980,998.4859144,12.94019776
106,PHENOL,DL,41,980,922.2157684,6.019685744
107,PHENOL,DL,41,980,789.1978788,5.326988526
108,PHENOL,DL,41,980,790.831793,5.325428912
115,CELLULOSE,NI,41,980,552.2430131,8.453887657
116,CELLULOSE,NI,41,980,522.547291,8.256291359
117,CELLULOSE,NI,41,980,533.7451916,8.937765699
124,LIGNIN,NI,14,331,232.6005773,1.633674047
125,LIGNIN,NI,14,331,216.7037475,1.419530026
126,LIGNIN,NI,14,331,224.6893057,1.576215341
133,OXALATE,NI,41,980,499.7161506,15.39837649
134,OXALATE,NI,41,980,440.8239888,14.2165439
135,OXALATE,NI,41,980,446.6672755,13.44760271
142,PHENOL,NI,41,980,580.3716376,5.948369307
143,PHENOL,NI,41,980,562.8409574,5.79018543
144,PHENOL,NI,41,980,433.892158,4.725398125
151,CELLULOSE,NR,41,980,644.5739084,5.670262804
152,CELLULOSE,NR,41,980,804.9131266,6.66305112
153,CELLULOSE,NR,41,980,580.5410328,4.303477126
160,LIGNIN,NR,14,331,306.7675281,2.441634554
161,LIGNIN,NR,14,331,319.0823955,2.274245022
162,LIGNIN,NR,14,331,302.5927268,2.353360698
169,OXALATE,NR,41,980,685.603747,15.00333595
170,OXALATE,NR,41,980,929.0847796,16.16260001
171,OXALATE,NR,41,980,783.1371658,15.05617492
178,PHENOL,NR,41,980,652.0229708,5.140944607
179,PHENOL,NR,41,980,590.4411365,4.74123586
180,PHENOL,NR,41,980,,
7,CELLULOSE,CTL,42,1004,,
8,CELLULOSE,CTL,42,1004,871.6903637,4.579688058
9,CELLULOSE,CTL,42,1004,610.3438724,3.152097568
16,LIGNIN,CTL,15,355,369.0416057,2.369689544
17,LIGNIN,CTL,15,355,380.4267045,2.468157429
18,LIGNIN,CTL,15,355,350.7502627,2.030201548
25,OXALATE,CTL,42,1004,648.7470536,15.57401417
26,OXALATE,CTL,42,1004,820.1934295,13.22281717
27,OXALATE,CTL,42,1004,611.1549964,11.80582352
34,PHENOL,CTL,42,1004,688.3939332,4.943384186
35,PHENOL,CTL,42,1004,710.1314532,5.240986582
36,PHENOL,CTL,42,1004,748.8710189,5.381407691
43,CELLULOSE,DW,42,1004,998.9171103,3.550404097
44,CELLULOSE,DW,42,1004,806.2697126,6.944646916
45,CELLULOSE,DW,42,1004,1174.930434,4.030448836
52,LIGNIN,DW,15,355,456.9474879,2.172595101
53,LIGNIN,DW,15,355,479.673357,2.251590867
54,LIGNIN,DW,15,355,645.4886631,2.374161318
61,OXALATE,DW,42,1004,1110.205109,15.33201435
62,OXALATE,DW,42,1004,1061.951034,16.36997413
63,OXALATE,DW,42,1004,1174.759795,14.35506538
70,PHENOL,DW,42,1004,1152.749933,8.567058411
71,PHENOL,DW,42,1004,1291.746044,8.304333132
72,PHENOL,DW,42,1004,1093.389691,7.75930067
79,CELLULOSE,DL,42,1004,,
80,CELLULOSE,DL,42,1004,778.2560473,3.950450989
81,CELLULOSE,DL,42,1004,871.1111115,4.684999613
88,LIGNIN,DL,15,355,401.2964005,1.815958816
89,LIGNIN,DL,15,355,362.94089,1.649218409
90,LIGNIN,DL,15,355,388.6926998,1.774126196
97,OXALATE,DL,42,1004,842.0064985,13.71826956
98,OXALATE,DL,42,1004,,
99,OXALATE,DL,42,1004,1017.863093,12.96214431
106,PHENOL,DL,42,1004,938.3627285,6.066996065
107,PHENOL,DL,42,1004,806.5492468,5.376537139
108,PHENOL,DL,42,1004,808.4380312,5.374963997
115,CELLULOSE,NI,42,1004,562.1250673,8.539787492
116,CELLULOSE,NI,42,1004,532.3299436,8.33145301
117,CELLULOSE,NI,42,1004,545.1742182,9.051773757
124,LIGNIN,NI,15,355,249.1378468,1.723636407
125,LIGNIN,NI,15,355,231.4253357,1.493066809
126,LIGNIN,NI,15,355,239.6202554,1.659170619
133,OXALATE,NI,42,1004,510.2268917,15.41787985
134,OXALATE,NI,42,1004,448.5612219,14.22925445
135,OXALATE,NI,42,1004,453.7147671,13.45932986
142,PHENOL,NI,42,1004,591.8811644,5.99006415
143,PHENOL,NI,42,1004,574.578216,5.831566019
144,PHENOL,NI,42,1004,443.1179019,4.755314205
151,CELLULOSE,NR,42,1004,655.7678272,5.721089987
152,CELLULOSE,NR,42,1004,819.4548276,6.710393462
153,CELLULOSE,NR,42,1004,591.9833905,4.344796352
160,LIGNIN,NR,15,355,329.8647453,2.551952854
161,LIGNIN,NR,15,355,340.9495575,2.379186124
162,LIGNIN,NR,15,355,323.2422908,2.466677051
169,OXALATE,NR,42,1004,699.4792434,15.02284765
170,OXALATE,NR,42,1004,945.0561375,16.18546338
171,OXALATE,NR,42,1004,797.7769484,15.07646552
178,PHENOL,NR,42,1004,664.2336865,5.180364016
179,PHENOL,NR,42,1004,604.4738563,4.785520654
180,PHENOL,NR,42,1004,,
7,CELLULOSE,CTL,43,1029,,
8,CELLULOSE,CTL,43,1029,880.0432317,4.648096189
9,CELLULOSE,CTL,43,1029,622.0201108,3.236580248
16,LIGNIN,CTL,16,380,394.6323879,2.473386044
17,LIGNIN,CTL,16,380,406.0675501,2.565498727
18,LIGNIN,CTL,16,380,373.179516,2.105845951
25,OXALATE,CTL,43,1029,661.2005336,15.58777311
26,OXALATE,CTL,43,1029,836.4326318,13.24016999
27,OXALATE,CTL,43,1029,621.2340851,11.8165698
34,PHENOL,CTL,43,1029,702.5719674,4.990175677
35,PHENOL,CTL,43,1029,724.5017344,5.289626655
36,PHENOL,CTL,43,1029,763.3185815,5.42698943
43,CELLULOSE,DW,43,1029,1023.280929,3.656080179
44,CELLULOSE,DW,43,1029,821.3850234,7.07419182
45,CELLULOSE,DW,43,1029,1199.864704,4.115970104
52,LIGNIN,DW,16,380,490.8646609,2.285205838
53,LIGNIN,DW,16,380,516.173863,2.37608828
54,LIGNIN,DW,16,380,690.677123,2.494265297
61,OXALATE,DW,43,1029,1132.882416,15.35774644
62,OXALATE,DW,43,1029,1073.574642,16.38261775
63,OXALATE,DW,43,1029,1197.84847,14.37996662
70,PHENOL,DW,43,1029,1176.169222,8.627359374
71,PHENOL,DW,43,1029,1319.961559,8.369083355
72,PHENOL,DW,43,1029,1115.952912,7.812135568
79,CELLULOSE,DL,43,1029,,
80,CELLULOSE,DL,43,1029,790.2825148,4.002950789
81,CELLULOSE,DL,43,1029,889.3934445,4.760644659
88,LIGNIN,DL,16,380,425.5339315,1.900683667
89,LIGNIN,DL,16,380,382.8898234,1.718056011
90,LIGNIN,DL,16,380,417.5269874,1.877546215
97,OXALATE,DL,43,1029,858.8525123,13.73766318
98,OXALATE,DL,43,1029,,
99,OXALATE,DL,43,1029,1039.541244,12.98914494
106,PHENOL,DL,43,1029,955.6517858,6.118177073
107,PHENOL,DL,43,1029,811.8545196,5.391995895
108,PHENOL,DL,43,1029,828.1801025,5.430761371
115,CELLULOSE,NI,43,1029,572.0086539,8.62550224
116,CELLULOSE,NI,43,1029,541.4372919,8.402505324
117,CELLULOSE,NI,43,1029,556.1859181,9.159872282
124,LIGNIN,NI,16,380,267.5348192,1.816987365
125,LIGNIN,NI,16,380,248.0938535,1.570947787
126,LIGNIN,NI,16,380,257.1454517,1.749139062
133,OXALATE,NI,43,1029,520.3738014,15.43576652
134,OXALATE,NI,43,1029,454.0945072,14.23761818
135,OXALATE,NI,43,1029,461.5557762,13.47209376
142,PHENOL,NI,43,1029,604.6015199,6.03303068
143,PHENOL,NI,43,1029,587.5362805,5.875023856
144,PHENOL,NI,43,1029,452.641606,4.784240098
151,CELLULOSE,NR,43,1029,668.7819636,5.779595433
152,CELLULOSE,NR,43,1029,833.7457132,6.754214448
153,CELLULOSE,NR,43,1029,599.584965,4.368529928
160,LIGNIN,NR,16,380,353.3403506,2.656865086
161,LIGNIN,NR,16,380,363.1181776,2.479958981
162,LIGNIN,NR,16,380,346.1940369,2.588525231
169,OXALATE,NR,43,1029,712.3494138,15.03867075
170,OXALATE,NR,43,1029,959.3874424,16.20240785
171,OXALATE,NR,43,1029,812.5872899,15.09468385
178,PHENOL,NR,43,1029,678.7872406,5.226766797
179,PHENOL,NR,43,1029,611.0919816,4.805699066
180,PHENOL,NR,43,1029,,
7,CELLULOSE,CTL,44,1050,,
8,CELLULOSE,CTL,44,1050,882.2597915,4.667769567
9,CELLULOSE,CTL,44,1050,627.9577732,3.277282263
16,LIGNIN,CTL,17,401,414.5763722,2.554497316
17,LIGNIN,CTL,17,401,417.5658704,2.604636176
18,LIGNIN,CTL,17,401,389.347319,2.157675965
25,OXALATE,CTL,44,1050,668.8686264,15.59728365
26,OXALATE,CTL,44,1050,851.0842316,13.25817508
27,OXALATE,CTL,44,1050,629.3024658,11.82613806
34,PHENOL,CTL,44,1050,714.7883554,5.030051118
35,PHENOL,CTL,44,1050,737.1571377,5.331914635
36,PHENOL,CTL,44,1050,772.6531264,5.455978042
43,CELLULOSE,DW,44,1050,1045.791712,3.751618124
44,CELLULOSE,DW,44,1050,828.6613712,7.113328082
45,CELLULOSE,DW,44,1050,1222.559576,4.189681958
52,LIGNIN,DW,17,401,518.0492287,2.37242781
53,LIGNIN,DW,17,401,545.2751008,2.46406141
54,LIGNIN,DW,17,401,727.2306093,2.58739785
61,OXALATE,DW,44,1050,1154.509134,15.38351363
62,OXALATE,DW,44,1050,1087.160141,16.39761211
63,OXALATE,DW,44,1050,1218.592846,14.40294124
70,PHENOL,DW,44,1050,1197.336766,8.683986491
71,PHENOL,DW,44,1050,1345.233461,8.427821686
72,PHENOL,DW,44,1050,1139.000146,7.867078504
79,CELLULOSE,DL,44,1050,,
80,CELLULOSE,DL,44,1050,799.0676788,4.045453182
81,CELLULOSE,DL,44,1050,904.0289801,4.821987661
88,LIGNIN,DL,17,401,437.2396055,1.939047474
89,LIGNIN,DL,17,401,387.6047091,1.729619586
90,LIGNIN,DL,17,401,439.5994395,1.952591105
97,OXALATE,DL,44,1050,871.0428622,13.75350592
98,OXALATE,DL,44,1050,,
99,OXALATE,DL,44,1050,1058.978549,13.01261666
106,PHENOL,DL,44,1050,966.0891005,6.147988924
107,PHENOL,DL,44,1050,821.5605123,5.419449623
108,PHENOL,DL,44,1050,844.2644248,5.475611214
115,CELLULOSE,NI,44,1050,581.658378,8.700922451
116,CELLULOSE,NI,44,1050,549.8255052,8.459636186
117,CELLULOSE,NI,44,1050,566.8179661,9.250164109
124,LIGNIN,NI,17,401,282.2529515,1.889343637
125,LIGNIN,NI,17,401,261.1304995,1.629914768
126,LIGNIN,NI,17,401,269.9572476,1.811663777
133,OXALATE,NI,44,1050,529.6756533,15.45410399
134,OXALATE,NI,44,1050,459.5879424,14.24686755
135,OXALATE,NI,44,1050,464.010948,13.47624999
142,PHENOL,NI,44,1050,615.4449544,6.075579476
143,PHENOL,NI,44,1050,599.0625269,5.916938231
144,PHENOL,NI,44,1050,457.5703273,4.800581358
151,CELLULOSE,NR,44,1050,678.3709835,5.823212939
152,CELLULOSE,NR,44,1050,844.4101568,6.786162635
153,CELLULOSE,NR,44,1050,604.1080897,4.381247524
160,LIGNIN,NR,17,401,367.7223332,2.713113635
161,LIGNIN,NR,17,401,381.0391607,2.557959935
162,LIGNIN,NR,17,401,363.9249401,2.677262377
169,OXALATE,NR,44,1050,724.0734569,15.05619259
170,OXALATE,NR,44,1050,973.9278857,16.22432183
171,OXALATE,NR,44,1050,827.1196266,15.11589893
178,PHENOL,NR,44,1050,690.2894188,5.264230886
179,PHENOL,NR,44,1050,621.7478129,4.839713458
180,PHENOL,NR,44,1050,,
7,CELLULOSE,CTL,45,1075,,
8,CELLULOSE,CTL,45,1075,900.0575708,4.794951407
9,CELLULOSE,CTL,45,1075,643.5263071,3.377735001
16,LIGNIN,CTL,18,426,434.3916005,2.635044344
17,LIGNIN,CTL,18,426,438.3171951,2.679108407
18,LIGNIN,CTL,18,426,411.1489003,2.225620319
25,OXALATE,CTL,45,1075,681.2333574,15.61253163
26,OXALATE,CTL,45,1075,864.2768762,13.27378985
27,OXALATE,CTL,45,1075,641.2374858,11.84038972
34,PHENOL,CTL,45,1075,725.1665698,5.066566356
35,PHENOL,CTL,45,1075,749.0125126,5.374277683
36,PHENOL,CTL,45,1075,784.6803735,5.495848786
43,CELLULOSE,DW,45,1075,1069.094398,3.838780823
44,CELLULOSE,DW,45,1075,853.6002831,7.305957617
45,CELLULOSE,DW,45,1075,1245.988877,4.262915157
52,LIGNIN,DW,18,426,543.8011253,2.451789766
53,LIGNIN,DW,18,426,572.5847478,2.546659119
54,LIGNIN,DW,18,426,762.4366758,2.670597223
61,OXALATE,DW,45,1075,1170.721142,15.40243416
62,OXALATE,DW,45,1075,1105.530439,16.41886496
63,OXALATE,DW,45,1075,1236.717225,14.42358759
70,PHENOL,DW,45,1075,1214.282502,8.730593439
71,PHENOL,DW,45,1075,1367.48067,8.478277277
72,PHENOL,DW,45,1075,1159.651164,7.915399047
79,CELLULOSE,DL,45,1075,,
80,CELLULOSE,DL,45,1075,813.3446709,4.116015035
81,CELLULOSE,DL,45,1075,919.1361534,4.888025013
88,LIGNIN,DL,18,426,464.4330945,2.028194253
89,LIGNIN,DL,18,426,413.0352588,1.811662215
90,LIGNIN,DL,18,426,463.6363022,2.033102112
97,OXALATE,DL,45,1075,885.5495414,13.77109306
98,OXALATE,DL,45,1075,,
99,OXALATE,DL,45,1075,1075.16544,13.0315343
106,PHENOL,DL,45,1075,979.9817926,6.191214768
107,PHENOL,DL,45,1075,835.9609913,5.462833396
108,PHENOL,DL,45,1075,859.0689378,5.519410894
115,CELLULOSE,NI,45,1075,591.0760682,8.777306792
116,CELLULOSE,NI,45,1075,560.1545646,8.5301638
117,CELLULOSE,NI,45,1075,578.4066692,9.355706777
124,LIGNIN,NI,18,426,299.4098834,1.970269866
125,LIGNIN,NI,18,426,279.1225111,1.705931735
126,LIGNIN,NI,18,426,289.0821113,1.896083543
133,OXALATE,NI,45,1075,540.7767066,15.47370514
134,OXALATE,NI,45,1075,469.9223729,14.26419288
135,OXALATE,NI,45,1075,472.9096504,13.49153913
142,PHENOL,NI,45,1075,628.995634,6.118899148
143,PHENOL,NI,45,1075,612.4779421,5.962526977
144,PHENOL,NI,45,1075,472.1277048,4.846366078
151,CELLULOSE,NR,45,1075,690.9675609,5.884370761
152,CELLULOSE,NR,45,1075,857.6416589,6.830541107
153,CELLULOSE,NR,45,1075,616.7081273,4.426963819
160,LIGNIN,NR,18,426,388.3750679,2.806303222
161,LIGNIN,NR,18,426,401.1206595,2.651253892
162,LIGNIN,NR,18,426,386.849856,2.798041786
169,OXALATE,NR,45,1075,735.819641,15.07328039
170,OXALATE,NR,45,1075,987.5312391,16.24355531
171,OXALATE,NR,45,1075,840.0281411,15.13421494
178,PHENOL,NR,45,1075,702.1797593,5.304477494
179,PHENOL,NR,45,1075,634.4774005,4.882327381
180,PHENOL,NR,45,1075,,
7,CELLULOSE,CTL,47,1131,,
8,CELLULOSE,CTL,47,1131,931.9919015,5.054304613
9,CELLULOSE,CTL,47,1131,668.5438532,3.552081528
16,LIGNIN,CTL,20,482,477.3160388,2.794856189
17,LIGNIN,CTL,20,482,481.612948,2.827937505
18,LIGNIN,CTL,20,482,454.5738922,2.357016027
25,OXALATE,CTL,47,1131,707.5580473,15.64284158
26,OXALATE,CTL,47,1131,893.2865983,13.30577259
27,OXALATE,CTL,47,1131,666.1471746,11.86815431
34,PHENOL,CTL,47,1131,746.7537854,5.136851535
35,PHENOL,CTL,47,1131,770.6815182,5.446488274
36,PHENOL,CTL,47,1131,809.2722682,5.571490061
43,CELLULOSE,DW,47,1131,1109.649562,4.007390674
44,CELLULOSE,DW,47,1131,890.0567111,7.596003153
45,CELLULOSE,DW,47,1131,1289.140328,4.399422079
52,LIGNIN,DW,20,482,597.4100466,2.610790109
53,LIGNIN,DW,20,482,628.8032709,2.716022803
54,LIGNIN,DW,20,482,832.5391977,2.837237026
61,OXALATE,DW,47,1131,1208.434106,15.44465997
62,OXALATE,DW,47,1131,1147.152104,16.46486054
63,OXALATE,DW,47,1131,1277.062056,14.46748858
70,PHENOL,DW,47,1131,1254.427807,8.834354587
71,PHENOL,DW,47,1131,1414.239265,8.584092302
72,PHENOL,DW,47,1131,1203.494582,8.017610264
79,CELLULOSE,DL,47,1131,,
80,CELLULOSE,DL,47,1131,845.6993462,4.26227011
81,CELLULOSE,DL,47,1131,952.4948455,5.024987726
88,LIGNIN,DL,20,482,513.0547283,2.187764107
89,LIGNIN,DL,20,482,454.8056977,1.94883926
90,LIGNIN,DL,20,482,510.405502,2.187607539
97,OXALATE,DL,47,1131,919.5915514,13.80993012
98,OXALATE,DL,47,1131,,
99,OXALATE,DL,47,1131,1111.895551,13.07264814
106,PHENOL,DL,47,1131,1008.770622,6.275650086
107,PHENOL,DL,47,1131,866.192264,5.548236363
108,PHENOL,DL,47,1131,889.3599378,5.603898917
115,CELLULOSE,NI,47,1131,608.4626889,8.908097467
116,CELLULOSE,NI,47,1131,577.2150878,8.646858364
117,CELLULOSE,NI,47,1131,598.5017018,9.514688236
124,LIGNIN,NI,20,482,330.5010757,2.11575059
125,LIGNIN,NI,20,482,308.3395758,1.832964105
126,LIGNIN,NI,20,482,318.7321645,2.039504854
133,OXALATE,NI,47,1131,558.9748246,15.50370725
134,OXALATE,NI,47,1131,485.6580494,14.28819889
135,OXALATE,NI,47,1131,487.5736371,13.51410515
142,PHENOL,NI,47,1131,648.8611186,6.188433851
143,PHENOL,NI,47,1131,633.7174493,6.058461594
144,PHENOL,NI,47,1131,493.6159588,4.912890545
151,CELLULOSE,NR,47,1131,715.6939607,5.988498417
152,CELLULOSE,NR,47,1131,884.3029242,6.906719067
153,CELLULOSE,NR,47,1131,640.0911261,4.499170922
160,LIGNIN,NR,20,482,425.6355691,2.953090353
161,LIGNIN,NR,20,482,437.9078517,2.804094317
162,LIGNIN,NR,20,482,430.142594,2.994395477
169,OXALATE,NR,47,1131,760.4994293,15.10523742
170,OXALATE,NR,47,1131,1015.612261,16.27963322
171,OXALATE,NR,47,1131,866.3539422,15.168008
178,PHENOL,NR,47,1131,723.9447429,5.372527657
179,PHENOL,NR,47,1131,658.4962787,4.955881493
180,PHENOL,NR,47,1131,,
7,CELLULOSE,CTL,49,1173,,
8,CELLULOSE,CTL,49,1173,953.7608258,5.23468203
9,CELLULOSE,CTL,49,1173,683.0308934,3.649392423
16,LIGNIN,CTL,22,524,510.9244649,2.909725067
17,LIGNIN,CTL,22,524,515.2345858,2.936446591
18,LIGNIN,CTL,22,524,478.8802508,2.42403851
25,OXALATE,CTL,49,1173,724.8277848,15.66334495
26,OXALATE,CTL,49,1173,914.6756454,13.3306727
27,OXALATE,CTL,49,1173,679.6193758,11.88377181
34,PHENOL,CTL,49,1173,765.7316986,5.199171834
35,PHENOL,CTL,49,1173,788.1995201,5.505272356
36,PHENOL,CTL,49,1173,829.5937462,5.634904715
43,CELLULOSE,DW,49,1173,1140.79459,4.125041414
44,CELLULOSE,DW,49,1173,910.5787217,7.74446726
45,CELLULOSE,DW,49,1173,1321.19303,4.498228442
52,LIGNIN,DW,22,524,640.0209746,2.732062497
53,LIGNIN,DW,22,524,674.9195687,2.861092953
54,LIGNIN,DW,22,524,892.5105731,2.971044364
61,OXALATE,DW,49,1173,1238.001644,15.47674644
62,OXALATE,DW,49,1173,1178.427871,16.49880926
63,OXALATE,DW,49,1173,1308.134171,14.50044286
70,PHENOL,DW,49,1173,1285.342397,8.912473959
71,PHENOL,DW,49,1173,1449.557909,8.662569302
72,PHENOL,DW,49,1173,1236.901734,8.093951073
79,CELLULOSE,DL,49,1173,,
80,CELLULOSE,DL,49,1173,867.2314148,4.361266373
81,CELLULOSE,DL,49,1173,977.7587526,5.129566518
88,LIGNIN,DL,22,524,547.953618,2.297288083
89,LIGNIN,DL,22,524,483.9513148,2.039930069
90,LIGNIN,DL,22,524,546.5634455,2.304912021
97,OXALATE,DL,49,1173,940.2726429,13.8328455
98,OXALATE,DL,49,1173,,
99,OXALATE,DL,49,1173,1139.467896,13.10169792
106,PHENOL,DL,49,1173,1031.742508,6.343000441
107,PHENOL,DL,49,1173,892.93043,5.62381835
108,PHENOL,DL,49,1173,915.3548404,5.675997496
115,CELLULOSE,NI,49,1173,621.4545254,9.004271595
116,CELLULOSE,NI,49,1173,589.7224603,8.733766865
117,CELLULOSE,NI,49,1173,613.6332415,9.62551155
124,LIGNIN,NI,22,524,355.7859877,2.22706972
125,LIGNIN,NI,22,524,331.6317791,1.928493936
126,LIGNIN,NI,22,524,342.2966183,2.146862909
133,OXALATE,NI,49,1173,571.9811424,15.52485883
134,OXALATE,NI,49,1173,495.0154773,14.30261761
135,OXALATE,NI,49,1173,495.0391755,13.52571603
142,PHENOL,NI,49,1173,663.6448062,6.240461726
143,PHENOL,NI,49,1173,649.7990024,6.089066908
144,PHENOL,NI,49,1173,505.9263743,4.950068389
151,CELLULOSE,NR,49,1173,729.5355991,6.043239451
152,CELLULOSE,NR,49,1173,902.9416084,6.957040315
153,CELLULOSE,NR,49,1173,655.3448729,4.543933842
160,LIGNIN,NR,22,524,456.0444826,3.064808138
161,LIGNIN,NR,22,524,468.8458623,2.924818334
162,LIGNIN,NR,22,524,463.1683775,3.129863515
169,OXALATE,NR,49,1173,778.7937673,15.12943666
170,OXALATE,NR,49,1173,1038.054926,16.31141138
171,OXALATE,NR,49,1173,886.8608288,15.19431848
178,PHENOL,NR,49,1173,740.9355867,5.425555475
179,PHENOL,NR,49,1173,679.1860085,5.019202427
180,PHENOL,NR,49,1173,,
7,CELLULOSE,CTL,50,1196,,
8,CELLULOSE,CTL,50,1196,969.3611247,5.360114811
9,CELLULOSE,CTL,50,1196,690.4055422,3.693728766
16,LIGNIN,CTL,23,547,530.8210939,2.977156404
17,LIGNIN,CTL,23,547,535.6206784,3.002422807
18,LIGNIN,CTL,23,547,491.192843,2.457818166
25,OXALATE,CTL,50,1196,734.7735456,15.67551552
26,OXALATE,CTL,50,1196,927.8328679,13.3462833
27,OXALATE,CTL,50,1196,684.6567086,11.88949794
34,PHENOL,CTL,50,1196,775.5072125,5.230615316
35,PHENOL,CTL,50,1196,798.0492186,5.538421457
36,PHENOL,CTL,50,1196,838.5296314,5.662484372
43,CELLULOSE,DW,50,1196,1161.467412,4.198330197
44,CELLULOSE,DW,50,1196,923.6919635,7.833113479
45,CELLULOSE,DW,50,1196,1341.002054,4.559008535
52,LIGNIN,DW,23,547,664.2620412,2.800565241
53,LIGNIN,DW,23,547,700.821179,2.939398835
54,LIGNIN,DW,23,547,926.6864678,3.048040812
61,OXALATE,DW,50,1196,1256.168359,15.49890282
62,OXALATE,DW,50,1196,1194.806797,16.51750512
63,OXALATE,DW,50,1196,1325.183635,14.52016259
70,PHENOL,DW,50,1196,1304.774892,8.963482061
71,PHENOL,DW,50,1196,1471.361835,8.712279077
72,PHENOL,DW,50,1196,1256.776247,8.140255156
79,CELLULOSE,DL,50,1196,,
80,CELLULOSE,DL,50,1196,875.2718249,4.398984937
81,CELLULOSE,DL,50,1196,992.4947395,5.189690595
88,LIGNIN,DL,23,547,566.2718945,2.352437785
89,LIGNIN,DL,23,547,498.6528583,2.083059529
90,LIGNIN,DL,23,547,567.1079281,2.368010948
97,OXALATE,DL,50,1196,951.9656445,13.84534181
98,OXALATE,DL,50,1196,,
99,OXALATE,DL,50,1196,1154.9039,13.11844457
106,PHENOL,DL,50,1196,1042.03734,6.373567169
107,PHENOL,DL,50,1196,905.3644709,5.658590381
108,PHENOL,DL,50,1196,928.02258,5.711873043
115,CELLULOSE,NI,50,1196,630.1293826,9.061544897
116,CELLULOSE,NI,50,1196,596.1710887,8.777063764
117,CELLULOSE,NI,50,1196,621.9973823,9.680702193
124,LIGNIN,NI,23,547,370.4691057,2.291289216
125,LIGNIN,NI,23,547,343.821667,1.978968217
126,LIGNIN,NI,23,547,354.1781181,2.200717981
133,OXALATE,NI,50,1196,580.0560438,15.53757441
134,OXALATE,NI,50,1196,500.6440219,14.31099957
135,OXALATE,NI,50,1196,499.2793103,13.53216805
142,PHENOL,NI,50,1196,674.2351366,6.275942354
143,PHENOL,NI,50,1196,660.3391329,6.123874111
144,PHENOL,NI,50,1196,513.0769799,4.971104032
151,CELLULOSE,NR,50,1196,738.1155516,6.076450456
152,CELLULOSE,NR,50,1196,913.4675871,6.985198707
153,CELLULOSE,NR,50,1196,658.8931335,4.555882017
160,LIGNIN,NR,23,547,471.6437938,3.121130118
161,LIGNIN,NR,23,547,480.5107189,2.96767892
162,LIGNIN,NR,23,547,464.8848378,3.129227294
169,OXALATE,NR,50,1196,786.2904161,15.13886612
170,OXALATE,NR,50,1196,1050.828437,16.32624008
171,OXALATE,NR,50,1196,899.3151623,15.21056703
178,PHENOL,NR,50,1196,749.7138249,5.452905917
179,PHENOL,NR,50,1196,689.4865775,5.050490955
180,PHENOL,NR,50,1196,,
7,CELLULOSE,CTL,52,1244,,
8,CELLULOSE,CTL,52,1244,1002.281121,5.625574889
9,CELLULOSE,CTL,52,1244,706.089727,3.788834212
16,LIGNIN,CTL,25,595,574.6868412,3.118073326
17,LIGNIN,CTL,25,595,582.4325675,3.14477758
18,LIGNIN,CTL,25,595,520.2043284,2.532229845
25,OXALATE,CTL,52,1244,746.8859535,15.68708312
26,OXALATE,CTL,52,1244,947.8750285,13.36587103
27,OXALATE,CTL,52,1244,698.8954499,11.90439963
34,PHENOL,CTL,52,1244,795.1795781,5.29636872
35,PHENOL,CTL,52,1244,822.8765161,5.622986708
36,PHENOL,CTL,52,1244,863.5152541,5.742768644
43,CELLULOSE,DW,52,1244,1204.43339,4.359179996
44,CELLULOSE,DW,52,1244,943.2598082,7.953674629
45,CELLULOSE,DW,52,1244,1377.992125,4.678112595
52,LIGNIN,DW,25,595,718.950226,2.95045098
53,LIGNIN,DW,25,595,759.4023539,3.104518199
54,LIGNIN,DW,25,595,1002.802245,3.216172052
61,OXALATE,DW,52,1244,1296.871625,15.54272013
62,OXALATE,DW,52,1244,1231.577171,16.55640951
63,OXALATE,DW,52,1244,1364.12613,14.56045626
70,PHENOL,DW,52,1244,1346.778476,9.069887052
71,PHENOL,DW,52,1244,1519.069223,8.818092026
72,PHENOL,DW,52,1244,1300.041827,8.239521437
79,CELLULOSE,DL,52,1244,,
80,CELLULOSE,DL,52,1244,892.1175373,4.473658823
81,CELLULOSE,DL,52,1244,1022.388528,5.313646702
88,LIGNIN,DL,25,595,611.3560553,2.488072021
89,LIGNIN,DL,25,595,526.5430328,2.163088844
90,LIGNIN,DL,25,595,610.9922662,2.505902366
97,OXALATE,DL,52,1244,973.2233949,13.86969741
98,OXALATE,DL,52,1244,,
99,OXALATE,DL,52,1244,1189.119793,13.15604314
106,PHENOL,DL,52,1244,1069.393796,6.454985277
107,PHENOL,DL,52,1244,941.1030999,5.760494805
108,PHENOL,DL,52,1244,962.1269482,5.807696497
115,CELLULOSE,NI,52,1244,647.6900193,9.177794033
116,CELLULOSE,NI,52,1244,612.418715,8.879598051
117,CELLULOSE,NI,52,1244,635.9972113,9.765318464
124,LIGNIN,NI,25,595,403.85055,2.427125749
125,LIGNIN,NI,25,595,371.7686062,2.085394805
126,LIGNIN,NI,25,595,383.8005493,2.325145809
133,OXALATE,NI,52,1244,594.7271679,15.56170121
134,OXALATE,NI,52,1244,509.5002807,14.32438205
135,OXALATE,NI,52,1244,506.8305561,13.54390062
142,PHENOL,NI,52,1244,695.8127693,6.355391774
143,PHENOL,NI,52,1244,680.6784268,6.197258121
144,PHENOL,NI,52,1244,527.6464732,5.017160183
151,CELLULOSE,NR,52,1244,746.7481435,6.106582239
152,CELLULOSE,NR,52,1244,937.0214957,7.047373221
153,CELLULOSE,NR,52,1244,670.8225433,4.591128834
160,LIGNIN,NR,25,595,475.6482048,3.123401268
161,LIGNIN,NR,25,595,516.7255025,3.096371273
162,LIGNIN,NR,25,595,505.0263157,3.280947262
169,OXALATE,NR,52,1244,797.6592074,15.15291097
170,OXALATE,NR,52,1244,1077.589106,16.36225682
171,OXALATE,NR,52,1244,924.8077819,15.24401481
178,PHENOL,NR,52,1244,770.8505741,5.519245019
179,PHENOL,NR,52,1244,718.0513507,5.138512683
180,PHENOL,NR,52,1244,,
